Workbook

Sheet Sheet1
A1: Company Name | B1: Period Year | C1: Period Month | D1: Date Processed | E1: Reference
A2: =INDEX('Original Data'!$A$2:$A$12,ROW()-1+IF(ROW()>=7,4,0)) | B2: =INDEX('Original Data'!$B$2:$B$12,ROW()-1+IF(ROW()>=7,4,0)) | C2: =INDEX('Original Data'!$C$2:$C$12,ROW()-1+IF(ROW()>=7,4,0)) | D2: =INDEX('Original Data'!$D$2:$D$12,ROW()-1+IF(ROW()>=7,4,0)) | E2: =INDEX('Original Data'!$E$2:$E$12,ROW()-1+IF(ROW()>=7,4,0))
A3: =INDEX('Original Data'!$A$2:$A$12,ROW()-1+IF(ROW()>=7,4,0)) | B3: =INDEX('Original Data'!$B$2:$B$12,ROW()-1+IF(ROW()>=7,4,0)) | C3: =INDEX('Original Data'!$C$2:$C$12,ROW()-1+IF(ROW()>=7,4,0)) | D3: =INDEX('Original Data'!$D$2:$D$12,ROW()-1+IF(ROW()>=7,4,0)) | E3: =INDEX('Original Data'!$E$2:$E$12,ROW()-1+IF(ROW()>=7,4,0))
A4: =INDEX('Original Data'!$A$2:$A$12,ROW()-1+IF(ROW()>=7,4,0)) | B4: =INDEX('Original Data'!$B$2:$B$12,ROW()-1+IF(ROW()>=7,4,0)) | C4: =INDEX('Original Data'!$C$2:$C$12,ROW()-1+IF(ROW()>=7,4,0)) | D4: =INDEX('Original Data'!$D$2:$D$12,ROW()-1+IF(ROW()>=7,4,0)) | E4: =INDEX('Original Data'!$E$2:$E$12,ROW()-1+IF(ROW()>=7,4,0))
A5: =INDEX('Original Data'!$A$2:$A$12,ROW()-1+IF(ROW()>=7,4,0)) | B5: =INDEX('Original Data'!$B$2:$B$12,ROW()-1+IF(ROW()>=7,4,0)) | C5: =INDEX('Original Data'!$C$2:$C$12,ROW()-1+IF(ROW()>=7,4,0)) | D5: =INDEX('Original Data'!$D$2:$D$12,ROW()-1+IF(ROW()>=7,4,0)) | E5: =INDEX('Original Data'!$E$2:$E$12,ROW()-1+IF(ROW()>=7,4,0))
A6: =INDEX('Original Data'!$A$2:$A$12,ROW()-1+IF(ROW()>=7,4,0)) | B6: =INDEX('Original Data'!$B$2:$B$12,ROW()-1+IF(ROW()>=7,4,0)) | C6: =INDEX('Original Data'!$C$2:$C$12,ROW()-1+IF(ROW()>=7,4,0)) | D6: =INDEX('Original Data'!$D$2:$D$12,ROW()-1+IF(ROW()>=7,4,0)) | E6: =INDEX('Original Data'!$E$2:$E$12,ROW()-1+IF(ROW()>=7,4,0))
A7: =INDEX('Original Data'!$A$2:$A$12,ROW()-1+IF(ROW()>=7,4,0)) | B7: =INDEX('Original Data'!$B$2:$B$12,ROW()-1+IF(ROW()>=7,4,0)) | C7: =INDEX('Original Data'!$C$2:$C$12,ROW()-1+IF(ROW()>=7,4,0)) | D7: =INDEX('Original Data'!$D$2:$D$12,ROW()-1+IF(ROW()>=7,4,0)) | E7: =INDEX('Original Data'!$E$2:$E$12,ROW()-1+IF(ROW()>=7,4,0))
A8: =INDEX('Original Data'!$A$2:$A$12,ROW()-1+IF(ROW()>=7,4,0)) | B8: =INDEX('Original Data'!$B$2:$B$12,ROW()-1+IF(ROW()>=7,4,0)) | C8: =INDEX('Original Data'!$C$2:$C$12,ROW()-1+IF(ROW()>=7,4,0)) | D8: =INDEX('Original Data'!$D$2:$D$12,ROW()-1+IF(ROW()>=7,4,0)) | E8: =INDEX('Original Data'!$E$2:$E$12,ROW()-1+IF(ROW()>=7,4,0))
A9: BR1 | B9: 2021 | C9: 8 | D9: 44319 | E9: X163283225
A10: BR1 | B10: 2021 | C10: 8 | D10: 44319 | E10: X163253229
A11: BR1 | B11: 2021 | C11: 8 | D11: 44319 | E11: 684325666
A12: BR1 | B12: 2021 | C12: 8 | D12: 44319 | E12: 26592647

Sheet Original Data
A1: Company Name | B1: Period Year | C1: Period Month | D1: Date Processed | E1: Reference
A2: BR1 | B2: 2021 | C2: 8 | D2: 44319 | E2: 1011475
A3: BR1 | B3: 2021 | C3: 8 | D3: 44320 | E3: 7263276
A4: BR1 | B4: 2021 | C4: 8 | D4: 44320 | E4: 7263276
A5: BR1 | B5: 2021 | C5: 8 | D5: 44320 | E5: 363252
A6: BR1 | B6: 2021 | C6: 8 | D6: 44317 | E6: 3175497
A7: BR1 | B7: 2021 | C7: 8 | D7: 44319 | E7: Z16325254
A8: BR1 | B8: 2021 | C8: 8 | D8: 44319 | E8: Z16325528
A9: BR1 | B9: 2021 | C9: 8 | D9: 44319 | E9: X163283225
A10: BR1 | B10: 2021 | C10: 8 | D10: 44319 | E10: X163253229
A11: BR1 | B11: 2021 | C11: 8 | D11: 44319 | E11: 684325666
A12: BR1 | B12: 2021 | C12: 8 | D12: 44319 | E12: 26592647
