Workbook

Sheet Main unique ID
A1: 7
A2: 8
A3: 9
A4: 12
A5: 15
A6: 23
A7: 43
A8: 44
A9: 47
A10: 53
A11: 64
A12: 85
... A19: 855

Sheet Result what i am getting
A1: Unique ID | B1: Function | C1: Class | D1: Jan | E1: Feb | F1: Mar | G1: Apr | H1: May | I1: Jun | J1: Jul | K1: Aug | L1: Sep | M1: Oct | N1: Nov | O1: Dec
A2: 7 | B2: Function 2 | C2: Class 1 | D2: 88 | H2: 88 | L2: 88 | O2: 99
A3: 12 | B3: Function 2 | C3: Class 2 | D3: 88 | F3: 34 | O3: 96
A4: 15 | B4: Function 2 | C4: Class 3 | F4: 34 | J4: 77 | L4: 53
A5: 23 | B5: Function 3 | C5: Class 2 | E5: 33 | M5: 34
A6: 43 | B6: Function 4 | C6: Class 4 | F6: 34 | H6: 80 | K6: 65
A7: 44 | B7: Function 1 | C7: Class 5a | D7: 24
A8: 53 | B8: Function 4 | C8: Class 2 | E8: 4 | F8: 5 | G8: 6 | H8: 33 | K8: 4
A9: 64 | B9: Function 2 | C9: Class 1
A10: 85 | B10: Function 2 | C10: Class 2 | D10: 23 | E10: 44 | H10: 45 | K10: 4 | L10: 64
A11: 122 | B11: Function 1 | C11: Class 12 | D11: 80 | F11: 34 | L11: 87
A12: 233 | B12: Function 1 | C12: Class 13 | H12: 67 | J12: 80 | N12: 80
A13: 234 | B13: Function 2 | C13: Class 1 | E13: 4 | O13: 67
A14: 535 | B14: Function 4 | C14: Class 8 | D14: 80 | F14: 87 | J14: 56
A15: 855 | B15: Function 2 | C15: Class 1

Sheet Result what i am expecting 
A1: Unique ID | B1: Function | C1: Class | D1: Jan | E1: Feb | F1: Mar | G1: Apr | H1: May | I1: Jun | J1: Jul | K1: Aug | L1: Sep | M1: Oct | N1: Nov | O1: Dec
A2: 7 | B2: Function 2 | C2: Class 1 | D2: 88 | H2: 88 | L2: 88 | O2: 99
A3: 8
A4: 9
A5: 12 | B5: Function 2 | C5: Class 2 | D5: 88 | F5: 34 | O5: 96
A6: 15 | B6: Function 2 | C6: Class 3 | F6: 34 | J6: 77 | L6: 53
A7: 23 | B7: Function 3 | C7: Class 2 | E7: 33 | M7: 34
A8: 43 | B8: Function 4 | C8: Class 4 | F8: 34 | H8: 80 | K8: 65
A9: 44 | B9: Function 1 | C9: Class 5a | D9: 24
A10: 47
A11: 53 | B11: Function 4 | C11: Class 2 | E11: 4 | F11: 5 | G11: 6 | H11: 33 | K11: 4
A12: 64 | B12: Function 2 | C12: Class 1
A13: 85 | B13: Function 2 | C13: Class 2 | D13: 23 | E13: 44 | H13: 45 | K13: 4 | L13: 64
A14: 99
A15: 122 | B15: Function 1 | C15: Class 12 | D15: 80 | F15: 34 | L15: 87
A16: 233 | B16: Function 1 | C16: Class 13 | H16: 67 | J16: 80 | N16: 80
A17: 234 | B17: Function 2 | C17: Class 1 | E17: 4 | O17: 67
A18: 500
A19: 535 | B19: Function 4 | C19: Class 8 | D19: 80 | F19: 87 | J19: 56
A20: 855 | B20: Function 2 | C20: Class 1

Sheet MyResult
A1: Unique ID | B1: Function | C1: Class | D1: Jan | E1: Feb | F1: Mar | G1: Apr | H1: May | I1: Jun | J1: Jul | K1: Aug | L1: Sep | M1: Oct | N1: Nov | O1: Dec
A2: ='Main unique ID'!A1 | B2: =IFERROR(INDEX('Result what i am getting'!B$2:B$15,MATCH($A2,'Result what i am getting'!$A$2:$A$15,0)),"") | C2: =IFERROR(INDEX('Result what i am getting'!C$2:C$15,MATCH($A2,'Result what i am getting'!$A$2:$A$15,0)),"") | D2: =IFERROR(INDEX('Result what i am getting'!D$2:D$15,MATCH($A2,'Result what i am getting'!$A$2:$A$15,0)),"") | H2: =IFERROR(INDEX('Result what i am getting'!H$2:H$15,MATCH($A2,'Result what i am getting'!$A$2:$A$15,0)),"") | L2: =IFERROR(INDEX('Result what i am getting'!L$2:L$15,MATCH($A2,'Result what i am getting'!$A$2:$A$15,0)),"") | O2: =IFERROR(INDEX('Result what i am getting'!O$2:O$15,MATCH($A2,'Result what i am getting'!$A$2:$A$15,0)),"")
A3: ='Main unique ID'!A2
A4: ='Main unique ID'!A3
A5: ='Main unique ID'!A4 | B5: =IFERROR(INDEX('Result what i am getting'!B$2:B$15,MATCH($A5,'Result what i am getting'!$A$2:$A$15,0)),"") | C5: =IFERROR(INDEX('Result what i am getting'!C$2:C$15,MATCH($A5,'Result what i am getting'!$A$2:$A$15,0)),"") | D5: =IFERROR(INDEX('Result what i am getting'!D$2:D$15,MATCH($A5,'Result what i am getting'!$A$2:$A$15,0)),"") | F5: =IFERROR(INDEX('Result what i am getting'!F$2:F$15,MATCH($A5,'Result what i am getting'!$A$2:$A$15,0)),"") | O5: =IFERROR(INDEX('Result what i am getting'!O$2:O$15,MATCH($A5,'Result what i am getting'!$A$2:$A$15,0)),"")
A6: ='Main unique ID'!A5 | B6: =IFERROR(INDEX('Result what i am getting'!B$2:B$15,MATCH($A6,'Result what i am getting'!$A$2:$A$15,0)),"") | C6: =IFERROR(INDEX('Result what i am getting'!C$2:C$15,MATCH($A6,'Result what i am getting'!$A$2:$A$15,0)),"") | F6: =IFERROR(INDEX('Result what i am getting'!F$2:F$15,MATCH($A6,'Result what i am getting'!$A$2:$A$15,0)),"") | J6: =IFERROR(INDEX('Result what i am getting'!J$2:J$15,MATCH($A6,'Result what i am getting'!$A$2:$A$15,0)),"") | L6: =IFERROR(INDEX('Result what i am getting'!L$2:L$15,MATCH($A6,'Result what i am getting'!$A$2:$A$15,0)),"")
A7: ='Main unique ID'!A6 | B7: =IFERROR(INDEX('Result what i am getting'!B$2:B$15,MATCH($A7,'Result what i am getting'!$A$2:$A$15,0)),"") | C7: =IFERROR(INDEX('Result what i am getting'!C$2:C$15,MATCH($A7,'Result what i am getting'!$A$2:$A$15,0)),"") | E7: =IFERROR(INDEX('Result what i am getting'!E$2:E$15,MATCH($A7,'Result what i am getting'!$A$2:$A$15,0)),"") | M7: =IFERROR(INDEX('Result what i am getting'!M$2:M$15,MATCH($A7,'Result what i am getting'!$A$2:$A$15,0)),"")
A8: ='Main unique ID'!A7 | B8: =IFERROR(INDEX('Result what i am getting'!B$2:B$15,MATCH($A8,'Result what i am getting'!$A$2:$A$15,0)),"") | C8: =IFERROR(INDEX('Result what i am getting'!C$2:C$15,MATCH($A8,'Result what i am getting'!$A$2:$A$15,0)),"") | F8: =IFERROR(INDEX('Result what i am getting'!F$2:F$15,MATCH($A8,'Result what i am getting'!$A$2:$A$15,0)),"") | H8: =IFERROR(INDEX('Result what i am getting'!H$2:H$15,MATCH($A8,'Result what i am getting'!$A$2:$A$15,0)),"") | K8: =IFERROR(INDEX('Result what i am getting'!K$2:K$15,MATCH($A8,'Result what i am getting'!$A$2:$A$15,0)),"")
A9: ='Main unique ID'!A8 | B9: =IFERROR(INDEX('Result what i am getting'!B$2:B$15,MATCH($A9,'Result what i am getting'!$A$2:$A$15,0)),"") | C9: =IFERROR(INDEX('Result what i am getting'!C$2:C$15,MATCH($A9,'Result what i am getting'!$A$2:$A$15,0)),"") | D9: =IFERROR(INDEX('Result what i am getting'!D$2:D$15,MATCH($A9,'Result what i am getting'!$A$2:$A$15,0)),"")
A10: ='Main unique ID'!A9
A11: ='Main unique ID'!A10 | B11: =IFERROR(INDEX('Result what i am getting'!B$2:B$15,MATCH($A11,'Result what i am getting'!$A$2:$A$15,0)),"") | C11: =IFERROR(INDEX('Result what i am getting'!C$2:C$15,MATCH($A11,'Result what i am getting'!$A$2:$A$15,0)),"") | E11: =IFERROR(INDEX('Result what i am getting'!E$2:E$15,MATCH($A11,'Result what i am getting'!$A$2:$A$15,0)),"") | F11: =IFERROR(INDEX('Result what i am getting'!F$2:F$15,MATCH($A11,'Result what i am getting'!$A$2:$A$15,0)),"") | G11: =IFERROR(INDEX('Result what i am getting'!G$2:G$15,MATCH($A11,'Result what i am getting'!$A$2:$A$15,0)),"") | H11: =IFERROR(INDEX('Result what i am getting'!H$2:H$15,MATCH($A11,'Result what i am getting'!$A$2:$A$15,0)),"") | K11: =IFERROR(INDEX('Result what i am getting'!K$2:K$15,MATCH($A11,'Result what i am getting'!$A$2:$A$15,0)),"")
A12: ='Main unique ID'!A11 | B12: =IFERROR(INDEX('Result what i am getting'!B$2:B$15,MATCH($A12,'Result what i am getting'!$A$2:$A$15,0)),"") | C12: =IFERROR(INDEX('Result what i am getting'!C$2:C$15,MATCH($A12,'Result what i am getting'!$A$2:$A$15,0)),"")
A13: ='Main unique ID'!A12 | B13: =IFERROR(INDEX('Result what i am getting'!B$2:B$15,MATCH($A13,'Result what i am getting'!$A$2:$A$15,0)),"") | C13: =IFERROR(INDEX('Result what i am getting'!C$2:C$15,MATCH($A13,'Result what i am getting'!$A$2:$A$15,0)),"") | D13: =IFERROR(INDEX('Result what i am getting'!D$2:D$15,MATCH($A13,'Result what i am getting'!$A$2:$A$15,0)),"") | E13: =IFERROR(INDEX('Result what i am getting'!E$2:E$15,MATCH($A13,'Result what i am getting'!$A$2:$A$15,0)),"") | H13: =IFERROR(INDEX('Result what i am getting'!H$2:H$15,MATCH($A13,'Result what i am getting'!$A$2:$A$15,0)),"") | K13: =IFERROR(INDEX('Result what i am getting'!K$2:K$15,MATCH($A13,'Result what i am getting'!$A$2:$A$15,0)),"") | L13: =IFERROR(INDEX('Result what i am getting'!L$2:L$15,MATCH($A13,'Result what i am getting'!$A$2:$A$15,0)),"")
A14: ='Main unique ID'!A13
A15: ='Main unique ID'!A14 | B15: =IFERROR(INDEX('Result what i am getting'!B$2:B$15,MATCH($A15,'Result what i am getting'!$A$2:$A$15,0)),"") | C15: =IFERROR(INDEX('Result what i am getting'!C$2:C$15,MATCH($A15,'Result what i am getting'!$A$2:$A$15,0)),"") | D15: =IFERROR(INDEX('Result what i am getting'!D$2:D$15,MATCH($A15,'Result what i am getting'!$A$2:$A$15,0)),"") | F15: =IFERROR(INDEX('Result what i am getting'!F$2:F$15,MATCH($A15,'Result what i am getting'!$A$2:$A$15,0)),"") | L15: =IFERROR(INDEX('Result what i am getting'!L$2:L$15,MATCH($A15,'Result what i am getting'!$A$2:$A$15,0)),"")
A16: ='Main unique ID'!A15 | B16: =IFERROR(INDEX('Result what i am getting'!B$2:B$15,MATCH($A16,'Result what i am getting'!$A$2:$A$15,0)),"") | C16: =IFERROR(INDEX('Result what i am getting'!C$2:C$15,MATCH($A16,'Result what i am getting'!$A$2:$A$15,0)),"") | H16: =IFERROR(INDEX('Result what i am getting'!H$2:H$15,MATCH($A16,'Result what i am getting'!$A$2:$A$15,0)),"") | J16: =IFERROR(INDEX('Result what i am getting'!J$2:J$15,MATCH($A16,'Result what i am getting'!$A$2:$A$15,0)),"") | N16: =IFERROR(INDEX('Result what i am getting'!N$2:N$15,MATCH($A16,'Result what i am getting'!$A$2:$A$15,0)),"")
A17: ='Main unique ID'!A16 | B17: =IFERROR(INDEX('Result what i am getting'!B$2:B$15,MATCH($A17,'Result what i am getting'!$A$2:$A$15,0)),"") | C17: =IFERROR(INDEX('Result what i am getting'!C$2:C$15,MATCH($A17,'Result what i am getting'!$A$2:$A$15,0)),"") | E17: =IFERROR(INDEX('Result what i am getting'!E$2:E$15,MATCH($A17,'Result what i am getting'!$A$2:$A$15,0)),"") | O17: =IFERROR(INDEX('Result what i am getting'!O$2:O$15,MATCH($A17,'Result what i am getting'!$A$2:$A$15,0)),"")
A18: ='Main unique ID'!A17
A19: ='Main unique ID'!A18 | B19: =IFERROR(INDEX('Result what i am getting'!B$2:B$15,MATCH($A19,'Result what i am getting'!$A$2:$A$15,0)),"") | C19: =IFERROR(INDEX('Result what i am getting'!C$2:C$15,MATCH($A19,'Result what i am getting'!$A$2:$A$15,0)),"") | D19: =IFERROR(INDEX('Result what i am getting'!D$2:D$15,MATCH($A19,'Result what i am getting'!$A$2:$A$15,0)),"") | F19: =IFERROR(INDEX('Result what i am getting'!F$2:F$15,MATCH($A19,'Result what i am getting'!$A$2:$A$15,0)),"") | J19: =IFERROR(INDEX('Result what i am getting'!J$2:J$15,MATCH($A19,'Result what i am getting'!$A$2:$A$15,0)),"")
A20: ='Main unique ID'!A19 | B20: =IFERROR(INDEX('Result what i am getting'!B$2:B$15,MATCH($A20,'Result what i am getting'!$A$2:$A$15,0)),"") | C20: =IFERROR(INDEX('Result what i am getting'!C$2:C$15,MATCH($A20,'Result what i am getting'!$A$2:$A$15,0)),"")
