Workbook

Sheet Sheet1
A1: Col1 | B1: Col2 | C1: Col3 | D1: Col4 | E1: Col5 | F1: Col6 | G1: Col7 | H1: Col8 | I1: Col9 | J1: Col10 | K1: Col11 | L1: Col12 | M1: Col13 | N1: Col14 | O1: Col15 | P1: Col16 | Q1: Col17 | R1: Col18 | S1: Col19 | T1: Col20 | U1: Col21 | V1: Col22 | W1: Col23 | X1: Col24 | Y1: Col25 | Z1: Col26 | AA1: Col27 | AB1: Col28 | AC1: Col29 | AD1: Col30 | AE1: Col31 | AF1: Col32 | AG1: COUNT
A2: test | B2: test | C2: 2694091 | D2: J | H2: Smith | S2: LTD | AE2: NCP | AF2: LRP | AG2: 1 | AH2: 1
A3: test | B3: test | C3: 2694091 | D3: R | H3: Bradley | S3: LTD | AE3: NCP | AF3: RP | AG3: 1 | AH3: =AH2+AG2
A4: test | B4: test | C4: 2694091 | D4: Q | H4: Jones | S4: Company | AE4: NCP | AF4: RP | AG4: 2 | AH4: =AH3+AG3
A5: test | B5: test | C5: 2694091 | D5: N | H5: Keane | S5: Sole | AE5: NCP | AF5: LRP | AG5: 1 | AH5: =AH4+AG4
A6: test | B6: test | C6: 10099841 | D6: U | H6: Roberts | S6: Company | AE6: NCP | AF6: LRP | AG6: 2 | AH6: =AH5+AG5
A7: test | B7: test | C7: 10099841 | D7: P | H7: Davids | S7: Company | AE7: NCP | AF7: RP | AG7: 2 | AH7: =AH6+AG6
A14: THE ABOVE TABLE WOULD BECOME:
A16: Col1 | B16: Col2 | C16: Col3 | D16: Col4 | H16: Col8 | I16: Col9 | J16: Col10 | K16: Col11 | L16: Col12 | M16: Col13 | N16: Col14 | O16: Col15 | P16: Col16 | Q16: Col17 | R16: Col18 | S16: Col19 | T16: Col20 | U16: Col21 | V16: Col22 | W16: Col23 | X16: Col24 | Y16: Col25 | Z16: Col26 | AA16: Col27 | AB16: Col28 | AC16: Col29 | AD16: Col30 | AE16: Col31 | AF16: Col32 | AG16: COUNT
A17: test | B17: test | C17: 2694091 | D17: J | H17: Smith | S17: LTD | AE17: NCP | AF17: LRP | AG17: 1
A18: test | B18: test | C18: 2694091 | D18: R | H18: Bradley | S18: LTD | AE18: NCP | AF18: RP | AG18: 1
A19: test | B19: test | C19: 2694091 | D19: Q | H19: Jones | S19: Company | AE19: NCP | AF19: RP | AG19: 2
A20: test | B20: test | C20: 2694091 | D20: Q | H20: Jones | S20: Company | AE20: NCP | AF20: RP | AG20: 2
A21: test | B21: test | C21: 2694091 | D21: N | H21: Keane | S21: Sole | AE21: NCP | AF21: LRP | AG21: 1
A22: test | B22: test | C22: 10099841 | D22: U | H22: Roberts | S22: Company | AE22: NCP | AF22: LRP | AG22: 2
A23: test | B23: test | C23: 10099841 | D23: U | H23: Roberts | S23: Company | AE23: NCP | AF23: LRP | AG23: 2
A24: test | B24: test | C24: 10099841 | D24: P | H24: Davids | S24: Company | AE24: NCP | AF24: RP | AG24: 2
A25: test | B25: test | C25: 10099841 | D25: P | H25: Davids | S25: Company | AE25: NCP | AF25: RP | AG25: 2

Sheet Sheet2
A1: =Sheet1!A1 | B1: =Sheet1!B1 | C1: =Sheet1!C1 | D1: =Sheet1!D1 | E1: =Sheet1!E1 | F1: =Sheet1!F1 | G1: =Sheet1!G1 | H1: =Sheet1!H1 | ... AG1: =Sheet1!AG1
A2: =INDEX(Sheet1!A$2:A$7,MATCH(ROW()-1,Sheet1!$AH$2:$AH$7,1)) | B2: =INDEX(Sheet1!B$2:B$7,MATCH(ROW()-1,Sheet1!$AH$2:$AH$7,1)) | C2: =INDEX(Sheet1!C$2:C$7,MATCH(ROW()-1,Sheet1!$AH$2:$AH$7,1)) | D2: =INDEX(Sheet1!D$2:D$7,MATCH(ROW()-1,Sheet1!$AH$2:$AH$7,1)) | E2: =INDEX(Sheet1!E$2:E$7,MATCH(ROW()-1,Sheet1!$AH$2:$AH$7,1)) | F2: =INDEX(Sheet1!F$2:F$7,MATCH(ROW()-1,Sheet1!$AH$2:$AH$7,1)) | G2: =INDEX(Sheet1!G$2:G$7,MATCH(ROW()-1,Sheet1!$AH$2:$AH$7,1)) | H2: =INDEX(Sheet1!H$2:H$7,MATCH(ROW()-1,Sheet1!$AH$2:$AH$7,1)) | ... AG2: =INDEX(Sheet1!AG$2:AG$7,MATCH(ROW()-1,Sheet1!$AH$2:$AH$7,1))
A3: =INDEX(Sheet1!A$2:A$7,MATCH(ROW()-1,Sheet1!$AH$2:$AH$7,1)) | B3: =INDEX(Sheet1!B$2:B$7,MATCH(ROW()-1,Sheet1!$AH$2:$AH$7,1)) | C3: =INDEX(Sheet1!C$2:C$7,MATCH(ROW()-1,Sheet1!$AH$2:$AH$7,1)) | D3: =INDEX(Sheet1!D$2:D$7,MATCH(ROW()-1,Sheet1!$AH$2:$AH$7,1)) | E3: =INDEX(Sheet1!E$2:E$7,MATCH(ROW()-1,Sheet1!$AH$2:$AH$7,1)) | F3: =INDEX(Sheet1!F$2:F$7,MATCH(ROW()-1,Sheet1!$AH$2:$AH$7,1)) | G3: =INDEX(Sheet1!G$2:G$7,MATCH(ROW()-1,Sheet1!$AH$2:$AH$7,1)) | H3: =INDEX(Sheet1!H$2:H$7,MATCH(ROW()-1,Sheet1!$AH$2:$AH$7,1)) | ... AG3: =INDEX(Sheet1!AG$2:AG$7,MATCH(ROW()-1,Sheet1!$AH$2:$AH$7,1))
A4: =INDEX(Sheet1!A$2:A$7,MATCH(ROW()-1,Sheet1!$AH$2:$AH$7,1)) | B4: =INDEX(Sheet1!B$2:B$7,MATCH(ROW()-1,Sheet1!$AH$2:$AH$7,1)) | C4: =INDEX(Sheet1!C$2:C$7,MATCH(ROW()-1,Sheet1!$AH$2:$AH$7,1)) | D4: =INDEX(Sheet1!D$2:D$7,MATCH(ROW()-1,Sheet1!$AH$2:$AH$7,1)) | E4: =INDEX(Sheet1!E$2:E$7,MATCH(ROW()-1,Sheet1!$AH$2:$AH$7,1)) | F4: =INDEX(Sheet1!F$2:F$7,MATCH(ROW()-1,Sheet1!$AH$2:$AH$7,1)) | G4: =INDEX(Sheet1!G$2:G$7,MATCH(ROW()-1,Sheet1!$AH$2:$AH$7,1)) | H4: =INDEX(Sheet1!H$2:H$7,MATCH(ROW()-1,Sheet1!$AH$2:$AH$7,1)) | ... AG4: =INDEX(Sheet1!AG$2:AG$7,MATCH(ROW()-1,Sheet1!$AH$2:$AH$7,1))
A5: =INDEX(Sheet1!A$2:A$7,MATCH(ROW()-1,Sheet1!$AH$2:$AH$7,1)) | B5: =INDEX(Sheet1!B$2:B$7,MATCH(ROW()-1,Sheet1!$AH$2:$AH$7,1)) | C5: =INDEX(Sheet1!C$2:C$7,MATCH(ROW()-1,Sheet1!$AH$2:$AH$7,1)) | D5: =INDEX(Sheet1!D$2:D$7,MATCH(ROW()-1,Sheet1!$AH$2:$AH$7,1)) | E5: =INDEX(Sheet1!E$2:E$7,MATCH(ROW()-1,Sheet1!$AH$2:$AH$7,1)) | F5: =INDEX(Sheet1!F$2:F$7,MATCH(ROW()-1,Sheet1!$AH$2:$AH$7,1)) | G5: =INDEX(Sheet1!G$2:G$7,MATCH(ROW()-1,Sheet1!$AH$2:$AH$7,1)) | H5: =INDEX(Sheet1!H$2:H$7,MATCH(ROW()-1,Sheet1!$AH$2:$AH$7,1)) | ... AG5: =INDEX(Sheet1!AG$2:AG$7,MATCH(ROW()-1,Sheet1!$AH$2:$AH$7,1))
A6: =INDEX(Sheet1!A$2:A$7,MATCH(ROW()-1,Sheet1!$AH$2:$AH$7,1)) | B6: =INDEX(Sheet1!B$2:B$7,MATCH(ROW()-1,Sheet1!$AH$2:$AH$7,1)) | C6: =INDEX(Sheet1!C$2:C$7,MATCH(ROW()-1,Sheet1!$AH$2:$AH$7,1)) | D6: =INDEX(Sheet1!D$2:D$7,MATCH(ROW()-1,Sheet1!$AH$2:$AH$7,1)) | E6: =INDEX(Sheet1!E$2:E$7,MATCH(ROW()-1,Sheet1!$AH$2:$AH$7,1)) | F6: =INDEX(Sheet1!F$2:F$7,MATCH(ROW()-1,Sheet1!$AH$2:$AH$7,1)) | G6: =INDEX(Sheet1!G$2:G$7,MATCH(ROW()-1,Sheet1!$AH$2:$AH$7,1)) | H6: =INDEX(Sheet1!H$2:H$7,MATCH(ROW()-1,Sheet1!$AH$2:$AH$7,1)) | ... AG6: =INDEX(Sheet1!AG$2:AG$7,MATCH(ROW()-1,Sheet1!$AH$2:$AH$7,1))
A7: =INDEX(Sheet1!A$2:A$7,MATCH(ROW()-1,Sheet1!$AH$2:$AH$7,1)) | B7: =INDEX(Sheet1!B$2:B$7,MATCH(ROW()-1,Sheet1!$AH$2:$AH$7,1)) | C7: =INDEX(Sheet1!C$2:C$7,MATCH(ROW()-1,Sheet1!$AH$2:$AH$7,1)) | D7: =INDEX(Sheet1!D$2:D$7,MATCH(ROW()-1,Sheet1!$AH$2:$AH$7,1)) | E7: =INDEX(Sheet1!E$2:E$7,MATCH(ROW()-1,Sheet1!$AH$2:$AH$7,1)) | F7: =INDEX(Sheet1!F$2:F$7,MATCH(ROW()-1,Sheet1!$AH$2:$AH$7,1)) | G7: =INDEX(Sheet1!G$2:G$7,MATCH(ROW()-1,Sheet1!$AH$2:$AH$7,1)) | H7: =INDEX(Sheet1!H$2:H$7,MATCH(ROW()-1,Sheet1!$AH$2:$AH$7,1)) | ... AG7: =INDEX(Sheet1!AG$2:AG$7,MATCH(ROW()-1,Sheet1!$AH$2:$AH$7,1))
A8: =INDEX(Sheet1!A$2:A$7,MATCH(ROW()-1,Sheet1!$AH$2:$AH$7,1)) | B8: =INDEX(Sheet1!B$2:B$7,MATCH(ROW()-1,Sheet1!$AH$2:$AH$7,1)) | C8: =INDEX(Sheet1!C$2:C$7,MATCH(ROW()-1,Sheet1!$AH$2:$AH$7,1)) | D8: =INDEX(Sheet1!D$2:D$7,MATCH(ROW()-1,Sheet1!$AH$2:$AH$7,1)) | E8: =INDEX(Sheet1!E$2:E$7,MATCH(ROW()-1,Sheet1!$AH$2:$AH$7,1)) | F8: =INDEX(Sheet1!F$2:F$7,MATCH(ROW()-1,Sheet1!$AH$2:$AH$7,1)) | G8: =INDEX(Sheet1!G$2:G$7,MATCH(ROW()-1,Sheet1!$AH$2:$AH$7,1)) | H8: =INDEX(Sheet1!H$2:H$7,MATCH(ROW()-1,Sheet1!$AH$2:$AH$7,1)) | ... AG8: =INDEX(Sheet1!AG$2:AG$7,MATCH(ROW()-1,Sheet1!$AH$2:$AH$7,1))
A9: =INDEX(Sheet1!A$2:A$7,MATCH(ROW()-1,Sheet1!$AH$2:$AH$7,1)) | B9: =INDEX(Sheet1!B$2:B$7,MATCH(ROW()-1,Sheet1!$AH$2:$AH$7,1)) | C9: =INDEX(Sheet1!C$2:C$7,MATCH(ROW()-1,Sheet1!$AH$2:$AH$7,1)) | D9: =INDEX(Sheet1!D$2:D$7,MATCH(ROW()-1,Sheet1!$AH$2:$AH$7,1)) | E9: =INDEX(Sheet1!E$2:E$7,MATCH(ROW()-1,Sheet1!$AH$2:$AH$7,1)) | F9: =INDEX(Sheet1!F$2:F$7,MATCH(ROW()-1,Sheet1!$AH$2:$AH$7,1)) | G9: =INDEX(Sheet1!G$2:G$7,MATCH(ROW()-1,Sheet1!$AH$2:$AH$7,1)) | H9: =INDEX(Sheet1!H$2:H$7,MATCH(ROW()-1,Sheet1!$AH$2:$AH$7,1)) | ... AG9: =INDEX(Sheet1!AG$2:AG$7,MATCH(ROW()-1,Sheet1!$AH$2:$AH$7,1))
A10: =INDEX(Sheet1!A$2:A$7,MATCH(ROW()-1,Sheet1!$AH$2:$AH$7,1)) | B10: =INDEX(Sheet1!B$2:B$7,MATCH(ROW()-1,Sheet1!$AH$2:$AH$7,1)) | C10: =INDEX(Sheet1!C$2:C$7,MATCH(ROW()-1,Sheet1!$AH$2:$AH$7,1)) | D10: =INDEX(Sheet1!D$2:D$7,MATCH(ROW()-1,Sheet1!$AH$2:$AH$7,1)) | E10: =INDEX(Sheet1!E$2:E$7,MATCH(ROW()-1,Sheet1!$AH$2:$AH$7,1)) | F10: =INDEX(Sheet1!F$2:F$7,MATCH(ROW()-1,Sheet1!$AH$2:$AH$7,1)) | G10: =INDEX(Sheet1!G$2:G$7,MATCH(ROW()-1,Sheet1!$AH$2:$AH$7,1)) | H10: =INDEX(Sheet1!H$2:H$7,MATCH(ROW()-1,Sheet1!$AH$2:$AH$7,1)) | ... AG10: =INDEX(Sheet1!AG$2:AG$7,MATCH(ROW()-1,Sheet1!$AH$2:$AH$7,1))
