Workbook

Sheet DATA
A1: =IF('desired result'!A1="","",'desired result'!A1) | B1: =IF('desired result'!B1="","",'desired result'!B1) | C1: =IF('desired result'!C1="","",'desired result'!C1) | D1: =IF('desired result'!D1="","",'desired result'!D1) | E1: =IF('desired result'!E1="","",'desired result'!E1) | I1: id
A2: =IF('desired result'!A2="","",'desired result'!A2) | B2: =IF('desired result'!B2="","",'desired result'!B2) | C2: =IF('desired result'!C2="","",'desired result'!C2) | D2: =IF('desired result'!D2="","",'desired result'!D2) | E2: =IF('desired result'!E2="","",'desired result'!E2)
A3: =IF('desired result'!A3="","",'desired result'!A3) | B3: =IF('desired result'!B3="","",'desired result'!B3) | C3: =IF('desired result'!C3="","",'desired result'!C3) | D3: =IF('desired result'!D3="","",'desired result'!D3) | E3: =IF('desired result'!E3="","",'desired result'!E3)
A4: =IF('desired result'!A4="","",'desired result'!A4) | B4: =IF('desired result'!B4="","",'desired result'!B4) | C4: =IF('desired result'!C4="","",'desired result'!C4) | D4: =IF('desired result'!D4="","",'desired result'!D4) | E4: =IF('desired result'!E4="","",'desired result'!E4)
A5: =IF('desired result'!A5="","",'desired result'!A5) | B5: =IF('desired result'!B5="","",'desired result'!B5) | C5: =IF('desired result'!C5="","",'desired result'!C5) | D5: =IF('desired result'!D5="","",'desired result'!D5) | E5: =IF('desired result'!E5="","",'desired result'!E5)
A6: =IF('desired result'!A6="","",'desired result'!A6) | B6: =IF('desired result'!B6="","",'desired result'!B6) | C6: =IF('desired result'!C6="","",'desired result'!C6) | D6: =IF('desired result'!D6="","",'desired result'!D6) | E6: =IF('desired result'!E6="","",'desired result'!E6)
A7: =IF('desired result'!A7="","",'desired result'!A7) | B7: =IF('desired result'!B7="","",'desired result'!B7) | C7: =IF('desired result'!C7="","",'desired result'!C7) | D7: =IF('desired result'!D7="","",'desired result'!D7) | E7: =IF('desired result'!E7="","",'desired result'!E7)
A8: =IF('desired result'!A8="","",'desired result'!A8) | B8: =IF('desired result'!B8="","",'desired result'!B8) | C8: =IF('desired result'!C8="","",'desired result'!C8) | D8: =IF('desired result'!D8="","",'desired result'!D8) | E8: =IF('desired result'!E8="","",'desired result'!E8)
A9: =IF('desired result'!A9="","",'desired result'!A9) | B9: =IF('desired result'!B9="","",'desired result'!B9) | C9: =IF('desired result'!C9="","",'desired result'!C9) | D9: =IF('desired result'!D9="","",'desired result'!D9) | E9: =IF('desired result'!E9="","",'desired result'!E9)
A10: =IF('desired result'!A10="","",'desired result'!A10) | B10: =IF('desired result'!B10="","",'desired result'!B10) | C10: =IF('desired result'!C10="","",'desired result'!C10) | D10: =IF('desired result'!D10="","",'desired result'!D10) | E10: =IF('desired result'!E10="","",'desired result'!E10)
A11: =IF('desired result'!A11="","",'desired result'!A11) | B11: =IF('desired result'!B11="","",'desired result'!B11) | C11: =IF('desired result'!C11="","",'desired result'!C11) | D11: =IF('desired result'!D11="","",'desired result'!D11) | E11: =IF('desired result'!E11="","",'desired result'!E11)
A12: =IF('desired result'!A12="","",'desired result'!A12) | B12: =IF('desired result'!B12="","",'desired result'!B12) | C12: =IF('desired result'!C12="","",'desired result'!C12) | D12: =IF('desired result'!D12="","",'desired result'!D12) | E12: =IF('desired result'!E12="","",'desired result'!E12)
A13: =IF('desired result'!A13="","",'desired result'!A13) | B13: =IF('desired result'!B13="","",'desired result'!B13) | C13: =IF('desired result'!C13="","",'desired result'!C13) | D13: =IF('desired result'!D13="","",'desired result'!D13) | E13: =IF('desired result'!E13="","",'desired result'!E13)
... A19: =IF('desired result'!A19="","",'desired result'!A19) | B19: =IF('desired result'!B19="","",'desired result'!B19) | C19: =IF('desired result'!C19="","",'desired result'!C19) | D19: =IF('desired result'!D19="","",'desired result'!D19) | E19: =IF('desired result'!E19="","",'desired result'!E19)

Sheet desired result
A1: date | B1: id | C1: batch | D1: q1 | E1: q2
A2: 44197 | B2: as-12 | C2: bt-12 | D2: 11 | E2: 11
A3: 44198 | B3: as-12 | C3: bt-12 | D3: 1 | E3: 2
A5: date | B5: id | C5: batch | D5: q1 | E5: q2
A6: 44229 | B6: asd-12 | C6: bb-1 | D6: 6 | E6: 2
A7: 44230 | B7: asd-12 | C7: bb-1 | D7: 3 | E7: 2
A9: date | B9: id | C9: batch | D9: q1 | E9: q2
A10: 44258 | B10: aa-1 | C10: cv-1 | D10: 4 | E10: 5
A11: 44259 | B11: aa-1 | C11: cv-1 | D11: 1 | E11: 1
