Workbook

Sheet Sheet1
A2: =Src!A2 | B2: =Src!B2 | C2: =Src!C2 | D2: =Src!D2 | E2: =Src!E2 | F2: =Src!F2 | G2: =Src!G2 | H2: =Src!H2 | ... J2: =Src!J2
A3: =INDEX(Src!$A$3:$A$16,MATCH(ROW()-2,Src!$K$3:$K$16,0)) | B3: =INDEX(Src!$B$3:$B$16,MATCH(ROW()-2,Src!$K$3:$K$16,0)) | C3: =INDEX(Src!$C$3:$C$16,MATCH(ROW()-2,Src!$K$3:$K$16,0)) | D3: =INDEX(Src!$D$3:$D$16,MATCH(ROW()-2,Src!$K$3:$K$16,0)) | E3: =INDEX(Src!$E$3:$E$16,MATCH(ROW()-2,Src!$K$3:$K$16,0)) | F3: =INDEX(Src!$F$3:$F$16,MATCH(ROW()-2,Src!$K$3:$K$16,0)) | G3: =INDEX(Src!$G$3:$G$16,MATCH(ROW()-2,Src!$K$3:$K$16,0)) | H3: =INDEX(Src!$H$3:$H$16,MATCH(ROW()-2,Src!$K$3:$K$16,0)) | I3: =INDEX(Src!$I$3:$I$16,MATCH(ROW()-2,Src!$K$3:$K$16,0)) | J3: =INDEX(Src!$J$3:$J$16,MATCH(ROW()-2,Src!$K$3:$K$16,0))
A4: =INDEX(Src!$A$3:$A$16,MATCH(ROW()-2,Src!$K$3:$K$16,0)) | B4: =INDEX(Src!$B$3:$B$16,MATCH(ROW()-2,Src!$K$3:$K$16,0)) | C4: =INDEX(Src!$C$3:$C$16,MATCH(ROW()-2,Src!$K$3:$K$16,0)) | D4: =INDEX(Src!$D$3:$D$16,MATCH(ROW()-2,Src!$K$3:$K$16,0)) | E4: =INDEX(Src!$E$3:$E$16,MATCH(ROW()-2,Src!$K$3:$K$16,0)) | F4: =INDEX(Src!$F$3:$F$16,MATCH(ROW()-2,Src!$K$3:$K$16,0)) | G4: =INDEX(Src!$G$3:$G$16,MATCH(ROW()-2,Src!$K$3:$K$16,0)) | H4: =INDEX(Src!$H$3:$H$16,MATCH(ROW()-2,Src!$K$3:$K$16,0)) | I4: =INDEX(Src!$I$3:$I$16,MATCH(ROW()-2,Src!$K$3:$K$16,0)) | J4: =INDEX(Src!$J$3:$J$16,MATCH(ROW()-2,Src!$K$3:$K$16,0))
A5: =INDEX(Src!$A$3:$A$16,MATCH(ROW()-2,Src!$K$3:$K$16,0)) | B5: =INDEX(Src!$B$3:$B$16,MATCH(ROW()-2,Src!$K$3:$K$16,0)) | C5: =INDEX(Src!$C$3:$C$16,MATCH(ROW()-2,Src!$K$3:$K$16,0)) | D5: =INDEX(Src!$D$3:$D$16,MATCH(ROW()-2,Src!$K$3:$K$16,0)) | E5: =INDEX(Src!$E$3:$E$16,MATCH(ROW()-2,Src!$K$3:$K$16,0)) | F5: =INDEX(Src!$F$3:$F$16,MATCH(ROW()-2,Src!$K$3:$K$16,0)) | G5: =INDEX(Src!$G$3:$G$16,MATCH(ROW()-2,Src!$K$3:$K$16,0)) | H5: =INDEX(Src!$H$3:$H$16,MATCH(ROW()-2,Src!$K$3:$K$16,0)) | I5: =INDEX(Src!$I$3:$I$16,MATCH(ROW()-2,Src!$K$3:$K$16,0)) | J5: =INDEX(Src!$J$3:$J$16,MATCH(ROW()-2,Src!$K$3:$K$16,0))
A6: =INDEX(Src!$A$3:$A$16,MATCH(ROW()-2,Src!$K$3:$K$16,0)) | B6: =INDEX(Src!$B$3:$B$16,MATCH(ROW()-2,Src!$K$3:$K$16,0)) | C6: =INDEX(Src!$C$3:$C$16,MATCH(ROW()-2,Src!$K$3:$K$16,0)) | D6: =INDEX(Src!$D$3:$D$16,MATCH(ROW()-2,Src!$K$3:$K$16,0)) | E6: =INDEX(Src!$E$3:$E$16,MATCH(ROW()-2,Src!$K$3:$K$16,0)) | F6: =INDEX(Src!$F$3:$F$16,MATCH(ROW()-2,Src!$K$3:$K$16,0)) | G6: =INDEX(Src!$G$3:$G$16,MATCH(ROW()-2,Src!$K$3:$K$16,0)) | H6: =INDEX(Src!$H$3:$H$16,MATCH(ROW()-2,Src!$K$3:$K$16,0)) | I6: =INDEX(Src!$I$3:$I$16,MATCH(ROW()-2,Src!$K$3:$K$16,0)) | J6: =INDEX(Src!$J$3:$J$16,MATCH(ROW()-2,Src!$K$3:$K$16,0))
A7: =INDEX(Src!$A$3:$A$16,MATCH(ROW()-2,Src!$K$3:$K$16,0)) | B7: =INDEX(Src!$B$3:$B$16,MATCH(ROW()-2,Src!$K$3:$K$16,0)) | C7: =INDEX(Src!$C$3:$C$16,MATCH(ROW()-2,Src!$K$3:$K$16,0)) | D7: =INDEX(Src!$D$3:$D$16,MATCH(ROW()-2,Src!$K$3:$K$16,0)) | E7: =INDEX(Src!$E$3:$E$16,MATCH(ROW()-2,Src!$K$3:$K$16,0)) | F7: =INDEX(Src!$F$3:$F$16,MATCH(ROW()-2,Src!$K$3:$K$16,0)) | G7: =INDEX(Src!$G$3:$G$16,MATCH(ROW()-2,Src!$K$3:$K$16,0)) | H7: =INDEX(Src!$H$3:$H$16,MATCH(ROW()-2,Src!$K$3:$K$16,0)) | I7: =INDEX(Src!$I$3:$I$16,MATCH(ROW()-2,Src!$K$3:$K$16,0)) | J7: =INDEX(Src!$J$3:$J$16,MATCH(ROW()-2,Src!$K$3:$K$16,0))
A8: =INDEX(Src!$A$3:$A$16,MATCH(ROW()-2,Src!$K$3:$K$16,0)) | B8: =INDEX(Src!$B$3:$B$16,MATCH(ROW()-2,Src!$K$3:$K$16,0)) | C8: =INDEX(Src!$C$3:$C$16,MATCH(ROW()-2,Src!$K$3:$K$16,0)) | D8: =INDEX(Src!$D$3:$D$16,MATCH(ROW()-2,Src!$K$3:$K$16,0)) | E8: =INDEX(Src!$E$3:$E$16,MATCH(ROW()-2,Src!$K$3:$K$16,0)) | F8: =INDEX(Src!$F$3:$F$16,MATCH(ROW()-2,Src!$K$3:$K$16,0)) | G8: =INDEX(Src!$G$3:$G$16,MATCH(ROW()-2,Src!$K$3:$K$16,0)) | H8: =INDEX(Src!$H$3:$H$16,MATCH(ROW()-2,Src!$K$3:$K$16,0)) | I8: =INDEX(Src!$I$3:$I$16,MATCH(ROW()-2,Src!$K$3:$K$16,0)) | J8: =INDEX(Src!$J$3:$J$16,MATCH(ROW()-2,Src!$K$3:$K$16,0))
A9: =INDEX(Src!$A$3:$A$16,MATCH(ROW()-2,Src!$K$3:$K$16,0)) | B9: =INDEX(Src!$B$3:$B$16,MATCH(ROW()-2,Src!$K$3:$K$16,0)) | C9: =INDEX(Src!$C$3:$C$16,MATCH(ROW()-2,Src!$K$3:$K$16,0)) | D9: =INDEX(Src!$D$3:$D$16,MATCH(ROW()-2,Src!$K$3:$K$16,0)) | E9: =INDEX(Src!$E$3:$E$16,MATCH(ROW()-2,Src!$K$3:$K$16,0)) | F9: =INDEX(Src!$F$3:$F$16,MATCH(ROW()-2,Src!$K$3:$K$16,0)) | G9: =INDEX(Src!$G$3:$G$16,MATCH(ROW()-2,Src!$K$3:$K$16,0)) | H9: =INDEX(Src!$H$3:$H$16,MATCH(ROW()-2,Src!$K$3:$K$16,0)) | I9: =INDEX(Src!$I$3:$I$16,MATCH(ROW()-2,Src!$K$3:$K$16,0)) | J9: =INDEX(Src!$J$3:$J$16,MATCH(ROW()-2,Src!$K$3:$K$16,0))
A10: =INDEX(Src!$A$3:$A$16,MATCH(ROW()-2,Src!$K$3:$K$16,0)) | B10: =INDEX(Src!$B$3:$B$16,MATCH(ROW()-2,Src!$K$3:$K$16,0)) | C10: =INDEX(Src!$C$3:$C$16,MATCH(ROW()-2,Src!$K$3:$K$16,0)) | D10: =INDEX(Src!$D$3:$D$16,MATCH(ROW()-2,Src!$K$3:$K$16,0)) | E10: =INDEX(Src!$E$3:$E$16,MATCH(ROW()-2,Src!$K$3:$K$16,0)) | F10: =INDEX(Src!$F$3:$F$16,MATCH(ROW()-2,Src!$K$3:$K$16,0)) | G10: =INDEX(Src!$G$3:$G$16,MATCH(ROW()-2,Src!$K$3:$K$16,0)) | H10: =INDEX(Src!$H$3:$H$16,MATCH(ROW()-2,Src!$K$3:$K$16,0)) | I10: =INDEX(Src!$I$3:$I$16,MATCH(ROW()-2,Src!$K$3:$K$16,0)) | J10: =INDEX(Src!$J$3:$J$16,MATCH(ROW()-2,Src!$K$3:$K$16,0))
A11: =INDEX(Src!$A$3:$A$16,MATCH(ROW()-2,Src!$K$3:$K$16,0)) | B11: =INDEX(Src!$B$3:$B$16,MATCH(ROW()-2,Src!$K$3:$K$16,0)) | C11: =INDEX(Src!$C$3:$C$16,MATCH(ROW()-2,Src!$K$3:$K$16,0)) | D11: =INDEX(Src!$D$3:$D$16,MATCH(ROW()-2,Src!$K$3:$K$16,0)) | E11: =INDEX(Src!$E$3:$E$16,MATCH(ROW()-2,Src!$K$3:$K$16,0)) | F11: =INDEX(Src!$F$3:$F$16,MATCH(ROW()-2,Src!$K$3:$K$16,0)) | G11: =INDEX(Src!$G$3:$G$16,MATCH(ROW()-2,Src!$K$3:$K$16,0)) | H11: =INDEX(Src!$H$3:$H$16,MATCH(ROW()-2,Src!$K$3:$K$16,0)) | I11: =INDEX(Src!$I$3:$I$16,MATCH(ROW()-2,Src!$K$3:$K$16,0)) | J11: =INDEX(Src!$J$3:$J$16,MATCH(ROW()-2,Src!$K$3:$K$16,0))
A12: =INDEX(Src!$A$3:$A$16,MATCH(ROW()-2,Src!$K$3:$K$16,0)) | B12: =INDEX(Src!$B$3:$B$16,MATCH(ROW()-2,Src!$K$3:$K$16,0)) | C12: =INDEX(Src!$C$3:$C$16,MATCH(ROW()-2,Src!$K$3:$K$16,0)) | D12: =INDEX(Src!$D$3:$D$16,MATCH(ROW()-2,Src!$K$3:$K$16,0)) | E12: =INDEX(Src!$E$3:$E$16,MATCH(ROW()-2,Src!$K$3:$K$16,0)) | F12: =INDEX(Src!$F$3:$F$16,MATCH(ROW()-2,Src!$K$3:$K$16,0)) | G12: =INDEX(Src!$G$3:$G$16,MATCH(ROW()-2,Src!$K$3:$K$16,0)) | H12: =INDEX(Src!$H$3:$H$16,MATCH(ROW()-2,Src!$K$3:$K$16,0)) | I12: =INDEX(Src!$I$3:$I$16,MATCH(ROW()-2,Src!$K$3:$K$16,0)) | J12: =INDEX(Src!$J$3:$J$16,MATCH(ROW()-2,Src!$K$3:$K$16,0))
A13: =INDEX(Src!$A$3:$A$16,MATCH(ROW()-2,Src!$K$3:$K$16,0)) | B13: =INDEX(Src!$B$3:$B$16,MATCH(ROW()-2,Src!$K$3:$K$16,0)) | C13: =INDEX(Src!$C$3:$C$16,MATCH(ROW()-2,Src!$K$3:$K$16,0)) | D13: =INDEX(Src!$D$3:$D$16,MATCH(ROW()-2,Src!$K$3:$K$16,0)) | E13: =INDEX(Src!$E$3:$E$16,MATCH(ROW()-2,Src!$K$3:$K$16,0)) | F13: =INDEX(Src!$F$3:$F$16,MATCH(ROW()-2,Src!$K$3:$K$16,0)) | G13: =INDEX(Src!$G$3:$G$16,MATCH(ROW()-2,Src!$K$3:$K$16,0)) | H13: =INDEX(Src!$H$3:$H$16,MATCH(ROW()-2,Src!$K$3:$K$16,0)) | I13: =INDEX(Src!$I$3:$I$16,MATCH(ROW()-2,Src!$K$3:$K$16,0)) | J13: =INDEX(Src!$J$3:$J$16,MATCH(ROW()-2,Src!$K$3:$K$16,0))
A14: =INDEX(Src!$A$3:$A$16,MATCH(ROW()-2,Src!$K$3:$K$16,0)) | B14: =INDEX(Src!$B$3:$B$16,MATCH(ROW()-2,Src!$K$3:$K$16,0)) | C14: =INDEX(Src!$C$3:$C$16,MATCH(ROW()-2,Src!$K$3:$K$16,0)) | D14: =INDEX(Src!$D$3:$D$16,MATCH(ROW()-2,Src!$K$3:$K$16,0)) | E14: =INDEX(Src!$E$3:$E$16,MATCH(ROW()-2,Src!$K$3:$K$16,0)) | F14: =INDEX(Src!$F$3:$F$16,MATCH(ROW()-2,Src!$K$3:$K$16,0)) | G14: =INDEX(Src!$G$3:$G$16,MATCH(ROW()-2,Src!$K$3:$K$16,0)) | H14: =INDEX(Src!$H$3:$H$16,MATCH(ROW()-2,Src!$K$3:$K$16,0)) | I14: =INDEX(Src!$I$3:$I$16,MATCH(ROW()-2,Src!$K$3:$K$16,0)) | J14: =INDEX(Src!$J$3:$J$16,MATCH(ROW()-2,Src!$K$3:$K$16,0))
A15: =INDEX(Src!$A$3:$A$16,MATCH(ROW()-2,Src!$K$3:$K$16,0)) | B15: =INDEX(Src!$B$3:$B$16,MATCH(ROW()-2,Src!$K$3:$K$16,0)) | C15: =INDEX(Src!$C$3:$C$16,MATCH(ROW()-2,Src!$K$3:$K$16,0)) | D15: =INDEX(Src!$D$3:$D$16,MATCH(ROW()-2,Src!$K$3:$K$16,0)) | E15: =INDEX(Src!$E$3:$E$16,MATCH(ROW()-2,Src!$K$3:$K$16,0)) | F15: =INDEX(Src!$F$3:$F$16,MATCH(ROW()-2,Src!$K$3:$K$16,0)) | G15: =INDEX(Src!$G$3:$G$16,MATCH(ROW()-2,Src!$K$3:$K$16,0)) | H15: =INDEX(Src!$H$3:$H$16,MATCH(ROW()-2,Src!$K$3:$K$16,0)) | I15: =INDEX(Src!$I$3:$I$16,MATCH(ROW()-2,Src!$K$3:$K$16,0)) | J15: =INDEX(Src!$J$3:$J$16,MATCH(ROW()-2,Src!$K$3:$K$16,0))

Sheet Src
A2: Teacher ID | B2: Header2 | C2: Header3 | D2: Header4 | E2: Header5 | F2: Header6 | G2: Header7 | H2: Header8 | I2: Header9 | J2: Header10
A3: 135791121 | B3: 6 | C3: 11 | D3: 16 | E3: 16 | F3: 16 | G3: 16 | H3: 16 | I3: 16 | J3: 16 | K3: 1
A4: 135791122 | B4: 7 | C4: 12 | D4: 17 | E4: 17 | F4: 17 | G4: 17 | H4: 17 | I4: 17 | J4: 17 | K4: =K3+(COUNTIF($A$3:A3,A4)=0)
A5: 135791123 | B5: 8 | C5: 13 | D5: 18 | E5: 18 | F5: 18 | G5: 18 | H5: 18 | I5: 18 | J5: 18 | K5: =K4+(COUNTIF($A$3:A4,A5)=0)
A6: 135791124 | B6: 9 | C6: 14 | D6: 19 | E6: 19 | F6: 19 | G6: 19 | H6: 19 | I6: 19 | J6: 19 | K6: =K5+(COUNTIF($A$3:A5,A6)=0)
A7: 135791125 | B7: 10 | C7: 15 | D7: 20 | E7: 20 | F7: 20 | G7: 20 | H7: 20 | I7: 20 | J7: 20 | K7: =K6+(COUNTIF($A$3:A6,A7)=0)
A8: 135791126 | B8: 11 | C8: 16 | D8: 21 | E8: 21 | F8: 21 | G8: 21 | H8: 21 | I8: 21 | J8: 21 | K8: =K7+(COUNTIF($A$3:A7,A8)=0)
A9: 135791127 | B9: 12 | C9: 17 | D9: 22 | E9: 22 | F9: 22 | G9: 22 | H9: 22 | I9: 22 | J9: 22 | K9: =K8+(COUNTIF($A$3:A8,A9)=0)
A10: 135791128 | B10: 14 | C10: 19 | D10: 24 | E10: 24 | F10: 24 | G10: 24 | H10: 24 | I10: 24 | J10: 24 | K10: =K9+(COUNTIF($A$3:A9,A10)=0)
A11: 135791129 | B11: 15 | C11: 20 | D11: 25 | E11: 25 | F11: 25 | G11: 25 | H11: 25 | I11: 25 | J11: 25 | K11: =K10+(COUNTIF($A$3:A10,A11)=0)
A12: 135791121 | B12: 6 | C12: 11 | D12: 16 | E12: 16 | F12: 16 | G12: 16 | H12: 16 | I12: 16 | J12: 16 | K12: =K11+(COUNTIF($A$3:A11,A12)=0)
A13: 135791130 | B13: 17 | C13: 22 | D13: 27 | E13: 27 | F13: 27 | G13: 27 | H13: 27 | I13: 27 | J13: 27 | K13: =K12+(COUNTIF($A$3:A12,A13)=0)
A14: 135791131 | B14: 18 | C14: 23 | D14: 28 | E14: 28 | F14: 28 | G14: 28 | H14: 28 | I14: 28 | J14: 28 | K14: =K13+(COUNTIF($A$3:A13,A14)=0)
A15: 135791132 | B15: 19 | C15: 24 | D15: 29 | E15: 29 | F15: 29 | G15: 29 | H15: 29 | I15: 29 | J15: 29 | K15: =K14+(COUNTIF($A$3:A14,A15)=0)
A16: 135791133 | B16: 20 | C16: 25 | D16: 30 | E16: 30 | F16: 30 | G16: 30 | H16: 30 | I16: 30 | J16: 30 | K16: =K15+(COUNTIF($A$3:A15,A16)=0)
