Workbook

Sheet Raw Data
A1: 12 | B1: 0.025396825 | C1: 19 | D1: 0.015873016 | E1: 18 | F1: 0.022222222
A2: 41 | B2: 0.019047619 | C2: 52 | D2: 0.015873016 | E2: 48 | F2: 0.020634921
A3: 22 | B3: 0.022222222 | C3: 30 | D3: 0.020634921 | E3: 49 | F3: 0.015873016
A4: 8 | B4: 0.017460317 | C4: 42 | D4: 0.017460317 | E4: 40 | F4: 0.017460317
A5: 7 | B5: 0.025396825 | C5: 10 | D5: 0.020634921 | E5: 17 | F5: 0.023809524
A6: 50 | B6: 0.019047619 | C6: 23 | D6: 0.019047619 | E6: 21 | F6: 0.014285714
A7: 38 | B7: 0.025396825 | C7: 37 | D7: 0.022222222 | E7: 46 | F7: 0.023809524
A8: 20 | B8: 0.020634921 | C8: 36 | D8: 0.019047619 | E8: 4 | F8: 0.020634921
A9: 6 | B9: 0.020634921 | C9: 2 | D9: 0.014285714 | E9: 35 | F9: 0.019047619
A10: 39 | B10: 0.020634921 | C10: 11 | D10: 0.025396825 | E10: 44 | F10: 0.023809524
A11: 43 | B11: 0.015873016 | C11: 1 | D11: 0.020634921 | E11: 47 | F11: 0.017460317
A12: 45 | B12: 0.023809524 | C12: 5 | D12: 0.015873016 | E12: 33 | F12: 0.012698413
... A17: 31 | B17: 0.020634921 | C17: 28 | D17: 0.019047619 | E17: 24 | F17: 0.014285714
A18: 34 | B18: 0.019047619

Sheet Numbers
A1: =IF((ROW(A1)-1)*6+COLUMN(A1)>SUMPRODUCT(--('Raw Data'!$A$1:$A$18=INT('Raw Data'!$A$1:$A$18)))+SUMPRODUCT(--('Raw Data'!$C$1:$C$18=INT('Raw Data'!$C$1:$C$18)))+SUMPRODUCT(--('Raw Data'!$E$1:$E$18=INT('Raw Data'!$E$1:$E$18))),"",IF((ROW(A1)-1)*6+COLUMN(A1)<=SUMPRODUCT(--('Raw Data'!$A$1:$A$18=INT('Raw Data'!$A$1:$A$18))),INDEX('Raw Data'!$A:$A,(ROW(A1)-1)*6+COLUMN(A1)),IF((ROW(A1)-1)*6+COLUMN(A1)<=SUMPRODUCT(--('Raw Data'!$A$1:$A$18=INT('Raw Data'!$A$1:$A$18)))+SUMPRODUCT(--('Raw Data'!$C$1:$C$18=INT('Raw Data'!$C$1:$C$18))),INDEX('Raw Data'!$C:$C,(ROW(A1)-1)*6+COLUMN(A1)-SUMPRODUCT(--('Raw Data'!$A$1:$A$18=INT('Raw Data'!$A$1:$A$18)))),INDEX('Raw Data'!$E:$E,(ROW(A1)-1)*6+COLUMN(A1)-SUMPRODUCT(--('Raw Data'!$A$1:$A$18=INT('Raw Data'!$A$1:$A$18)))-SUMPRODUCT(--('Raw Data'!$C$1:$C$18=INT('Raw Data'!$C$1:$C$18))))))) | B1: =IF((ROW(B1)-1)*6+COLUMN(B1)>SUMPRODUCT(--('Raw Data'!$A$1:$A$18=INT('Raw Data'!$A$1:$A$18)))+SUMPRODUCT(--('Raw Data'!$C$1:$C$18=INT('Raw Data'!$C$1:$C$18)))+SUMPRODUCT(--('Raw Data'!$E$1:$E$18=INT('Raw Data'!$E$1:$E$18))),"",IF((ROW(B1)-1)*6+COLUMN(B1)<=SUMPRODUCT(--('Raw Data'!$A$1:$A$18=INT('Raw Data'!$A$1:$A$18))),INDEX('Raw Data'!$A:$A,(ROW(B1)-1)*6+COLUMN(B1)),IF((ROW(B1)-1)*6+COLUMN(B1)<=SUMPRODUCT(--('Raw Data'!$A$1:$A$18=INT('Raw Data'!$A$1:$A$18)))+SUMPRODUCT(--('Raw Data'!$C$1:$C$18=INT('Raw Data'!$C$1:$C$18))),INDEX('Raw Data'!$C:$C,(ROW(B1)-1)*6+COLUMN(B1)-SUMPRODUCT(--('Raw Data'!$A$1:$A$18=INT('Raw Data'!$A$1:$A$18)))),INDEX('Raw Data'!$E:$E,(ROW(B1)-1)*6+COLUMN(B1)-SUMPRODUCT(--('Raw Data'!$A$1:$A$18=INT('Raw Data'!$A$1:$A$18)))-SUMPRODUCT(--('Raw Data'!$C$1:$C$18=INT('Raw Data'!$C$1:$C$18))))))) | C1: =IF((ROW(C1)-1)*6+COLUMN(C1)>SUMPRODUCT(--('Raw Data'!$A$1:$A$18=INT('Raw Data'!$A$1:$A$18)))+SUMPRODUCT(--('Raw Data'!$C$1:$C$18=INT('Raw Data'!$C$1:$C$18)))+SUMPRODUCT(--('Raw Data'!$E$1:$E$18=INT('Raw Data'!$E$1:$E$18))),"",IF((ROW(C1)-1)*6+COLUMN(C1)<=SUMPRODUCT(--('Raw Data'!$A$1:$A$18=INT('Raw Data'!$A$1:$A$18))),INDEX('Raw Data'!$A:$A,(ROW(C1)-1)*6+COLUMN(C1)),IF((ROW(C1)-1)*6+COLUMN(C1)<=SUMPRODUCT(--('Raw Data'!$A$1:$A$18=INT('Raw Data'!$A$1:$A$18)))+SUMPRODUCT(--('Raw Data'!$C$1:$C$18=INT('Raw Data'!$C$1:$C$18))),INDEX('Raw Data'!$C:$C,(ROW(C1)-1)*6+COLUMN(C1)-SUMPRODUCT(--('Raw Data'!$A$1:$A$18=INT('Raw Data'!$A$1:$A$18)))),INDEX('Raw Data'!$E:$E,(ROW(C1)-1)*6+COLUMN(C1)-SUMPRODUCT(--('Raw Data'!$A$1:$A$18=INT('Raw Data'!$A$1:$A$18)))-SUMPRODUCT(--('Raw Data'!$C$1:$C$18=INT('Raw Data'!$C$1:$C$18))))))) | D1: =IF((ROW(D1)-1)*6+COLUMN(D1)>SUMPRODUCT(--('Raw Data'!$A$1:$A$18=INT('Raw Data'!$A$1:$A$18)))+SUMPRODUCT(--('Raw Data'!$C$1:$C$18=INT('Raw Data'!$C$1:$C$18)))+SUMPRODUCT(--('Raw Data'!$E$1:$E$18=INT('Raw Data'!$E$1:$E$18))),"",IF((ROW(D1)-1)*6+COLUMN(D1)<=SUMPRODUCT(--('Raw Data'!$A$1:$A$18=INT('Raw Data'!$A$1:$A$18))),INDEX('Raw Data'!$A:$A,(ROW(D1)-1)*6+COLUMN(D1)),IF((ROW(D1)-1)*6+COLUMN(D1)<=SUMPRODUCT(--('Raw Data'!$A$1:$A$18=INT('Raw Data'!$A$1:$A$18)))+SUMPRODUCT(--('Raw Data'!$C$1:$C$18=INT('Raw Data'!$C$1:$C$18))),INDEX('Raw Data'!$C:$C,(ROW(D1)-1)*6+COLUMN(D1)-SUMPRODUCT(--('Raw Data'!$A$1:$A$18=INT('Raw Data'!$A$1:$A$18)))),INDEX('Raw Data'!$E:$E,(ROW(D1)-1)*6+COLUMN(D1)-SUMPRODUCT(--('Raw Data'!$A$1:$A$18=INT('Raw Data'!$A$1:$A$18)))-SUMPRODUCT(--('Raw Data'!$C$1:$C$18=INT('Raw Data'!$C$1:$C$18))))))) | E1: =IF((ROW(E1)-1)*6+COLUMN(E1)>SUMPRODUCT(--('Raw Data'!$A$1:$A$18=INT('Raw Data'!$A$1:$A$18)))+SUMPRODUCT(--('Raw Data'!$C$1:$C$18=INT('Raw Data'!$C$1:$C$18)))+SUMPRODUCT(--('Raw Data'!$E$1:$E$18=INT('Raw Data'!$E$1:$E$18))),"",IF((ROW(E1)-1)*6+COLUMN(E1)<=SUMPRODUCT(--('Raw Data'!$A$1:$A$18=INT('Raw Data'!$A$1:$A$18))),INDEX('Raw Data'!$A:$A,(ROW(E1)-1)*6+COLUMN(E1)),IF((ROW(E1)-1)*6+COLUMN(E1)<=SUMPRODUCT(--('Raw Data'!$A$1:$A$18=INT('Raw Data'!$A$1:$A$18)))+SUMPRODUCT(--('Raw Data'!$C$1:$C$18=INT('Raw Data'!$C$1:$C$18))),INDEX('Raw Data'!$C:$C,(ROW(E1)-1)*6+COLUMN(E1)-SUMPRODUCT(--('Raw Data'!$A$1:$A$18=INT('Raw Data'!$A$1:$A$18)))),INDEX('Raw Data'!$E:$E,(ROW(E1)-1)*6+COLUMN(E1)-SUMPRODUCT(--('Raw Data'!$A$1:$A$18=INT('Raw Data'!$A$1:$A$18)))-SUMPRODUCT(--('Raw Data'!$C$1:$C$18=INT('Raw Data'!$C$1:$C$18))))))) | F1: =IF((ROW(F1)-1)*6+COLUMN(F1)>SUMPRODUCT(--('Raw Data'!$A$1:$A$18=INT('Raw Data'!$A$1:$A$18)))+SUMPRODUCT(--('Raw Data'!$C$1:$C$18=INT('Raw Data'!$C$1:$C$18)))+SUMPRODUCT(--('Raw Data'!$E$1:$E$18=INT('Raw Data'!$E$1:$E$18))),"",IF((ROW(F1)-1)*6+COLUMN(F1)<=SUMPRODUCT(--('Raw Data'!$A$1:$A$18=INT('Raw Data'!$A$1:$A$18))),INDEX('Raw Data'!$A:$A,(ROW(F1)-1)*6+COLUMN(F1)),IF((ROW(F1)-1)*6+COLUMN(F1)<=SUMPRODUCT(--('Raw Data'!$A$1:$A$18=INT('Raw Data'!$A$1:$A$18)))+SUMPRODUCT(--('Raw Data'!$C$1:$C$18=INT('Raw Data'!$C$1:$C$18))),INDEX('Raw Data'!$C:$C,(ROW(F1)-1)*6+COLUMN(F1)-SUMPRODUCT(--('Raw Data'!$A$1:$A$18=INT('Raw Data'!$A$1:$A$18)))),INDEX('Raw Data'!$E:$E,(ROW(F1)-1)*6+COLUMN(F1)-SUMPRODUCT(--('Raw Data'!$A$1:$A$18=INT('Raw Data'!$A$1:$A$18)))-SUMPRODUCT(--('Raw Data'!$C$1:$C$18=INT('Raw Data'!$C$1:$C$18)))))))
A2: =IF((ROW(A2)-1)*6+COLUMN(A2)>SUMPRODUCT(--('Raw Data'!$A$1:$A$18=INT('Raw Data'!$A$1:$A$18)))+SUMPRODUCT(--('Raw Data'!$C$1:$C$18=INT('Raw Data'!$C$1:$C$18)))+SUMPRODUCT(--('Raw Data'!$E$1:$E$18=INT('Raw Data'!$E$1:$E$18))),"",IF((ROW(A2)-1)*6+COLUMN(A2)<=SUMPRODUCT(--('Raw Data'!$A$1:$A$18=INT('Raw Data'!$A$1:$A$18))),INDEX('Raw Data'!$A:$A,(ROW(A2)-1)*6+COLUMN(A2)),IF((ROW(A2)-1)*6+COLUMN(A2)<=SUMPRODUCT(--('Raw Data'!$A$1:$A$18=INT('Raw Data'!$A$1:$A$18)))+SUMPRODUCT(--('Raw Data'!$C$1:$C$18=INT('Raw Data'!$C$1:$C$18))),INDEX('Raw Data'!$C:$C,(ROW(A2)-1)*6+COLUMN(A2)-SUMPRODUCT(--('Raw Data'!$A$1:$A$18=INT('Raw Data'!$A$1:$A$18)))),INDEX('Raw Data'!$E:$E,(ROW(A2)-1)*6+COLUMN(A2)-SUMPRODUCT(--('Raw Data'!$A$1:$A$18=INT('Raw Data'!$A$1:$A$18)))-SUMPRODUCT(--('Raw Data'!$C$1:$C$18=INT('Raw Data'!$C$1:$C$18))))))) | B2: =IF((ROW(B2)-1)*6+COLUMN(B2)>SUMPRODUCT(--('Raw Data'!$A$1:$A$18=INT('Raw Data'!$A$1:$A$18)))+SUMPRODUCT(--('Raw Data'!$C$1:$C$18=INT('Raw Data'!$C$1:$C$18)))+SUMPRODUCT(--('Raw Data'!$E$1:$E$18=INT('Raw Data'!$E$1:$E$18))),"",IF((ROW(B2)-1)*6+COLUMN(B2)<=SUMPRODUCT(--('Raw Data'!$A$1:$A$18=INT('Raw Data'!$A$1:$A$18))),INDEX('Raw Data'!$A:$A,(ROW(B2)-1)*6+COLUMN(B2)),IF((ROW(B2)-1)*6+COLUMN(B2)<=SUMPRODUCT(--('Raw Data'!$A$1:$A$18=INT('Raw Data'!$A$1:$A$18)))+SUMPRODUCT(--('Raw Data'!$C$1:$C$18=INT('Raw Data'!$C$1:$C$18))),INDEX('Raw Data'!$C:$C,(ROW(B2)-1)*6+COLUMN(B2)-SUMPRODUCT(--('Raw Data'!$A$1:$A$18=INT('Raw Data'!$A$1:$A$18)))),INDEX('Raw Data'!$E:$E,(ROW(B2)-1)*6+COLUMN(B2)-SUMPRODUCT(--('Raw Data'!$A$1:$A$18=INT('Raw Data'!$A$1:$A$18)))-SUMPRODUCT(--('Raw Data'!$C$1:$C$18=INT('Raw Data'!$C$1:$C$18))))))) | C2: =IF((ROW(C2)-1)*6+COLUMN(C2)>SUMPRODUCT(--('Raw Data'!$A$1:$A$18=INT('Raw Data'!$A$1:$A$18)))+SUMPRODUCT(--('Raw Data'!$C$1:$C$18=INT('Raw Data'!$C$1:$C$18)))+SUMPRODUCT(--('Raw Data'!$E$1:$E$18=INT('Raw Data'!$E$1:$E$18))),"",IF((ROW(C2)-1)*6+COLUMN(C2)<=SUMPRODUCT(--('Raw Data'!$A$1:$A$18=INT('Raw Data'!$A$1:$A$18))),INDEX('Raw Data'!$A:$A,(ROW(C2)-1)*6+COLUMN(C2)),IF((ROW(C2)-1)*6+COLUMN(C2)<=SUMPRODUCT(--('Raw Data'!$A$1:$A$18=INT('Raw Data'!$A$1:$A$18)))+SUMPRODUCT(--('Raw Data'!$C$1:$C$18=INT('Raw Data'!$C$1:$C$18))),INDEX('Raw Data'!$C:$C,(ROW(C2)-1)*6+COLUMN(C2)-SUMPRODUCT(--('Raw Data'!$A$1:$A$18=INT('Raw Data'!$A$1:$A$18)))),INDEX('Raw Data'!$E:$E,(ROW(C2)-1)*6+COLUMN(C2)-SUMPRODUCT(--('Raw Data'!$A$1:$A$18=INT('Raw Data'!$A$1:$A$18)))-SUMPRODUCT(--('Raw Data'!$C$1:$C$18=INT('Raw Data'!$C$1:$C$18))))))) | D2: =IF((ROW(D2)-1)*6+COLUMN(D2)>SUMPRODUCT(--('Raw Data'!$A$1:$A$18=INT('Raw Data'!$A$1:$A$18)))+SUMPRODUCT(--('Raw Data'!$C$1:$C$18=INT('Raw Data'!$C$1:$C$18)))+SUMPRODUCT(--('Raw Data'!$E$1:$E$18=INT('Raw Data'!$E$1:$E$18))),"",IF((ROW(D2)-1)*6+COLUMN(D2)<=SUMPRODUCT(--('Raw Data'!$A$1:$A$18=INT('Raw Data'!$A$1:$A$18))),INDEX('Raw Data'!$A:$A,(ROW(D2)-1)*6+COLUMN(D2)),IF((ROW(D2)-1)*6+COLUMN(D2)<=SUMPRODUCT(--('Raw Data'!$A$1:$A$18=INT('Raw Data'!$A$1:$A$18)))+SUMPRODUCT(--('Raw Data'!$C$1:$C$18=INT('Raw Data'!$C$1:$C$18))),INDEX('Raw Data'!$C:$C,(ROW(D2)-1)*6+COLUMN(D2)-SUMPRODUCT(--('Raw Data'!$A$1:$A$18=INT('Raw Data'!$A$1:$A$18)))),INDEX('Raw Data'!$E:$E,(ROW(D2)-1)*6+COLUMN(D2)-SUMPRODUCT(--('Raw Data'!$A$1:$A$18=INT('Raw Data'!$A$1:$A$18)))-SUMPRODUCT(--('Raw Data'!$C$1:$C$18=INT('Raw Data'!$C$1:$C$18))))))) | E2: =IF((ROW(E2)-1)*6+COLUMN(E2)>SUMPRODUCT(--('Raw Data'!$A$1:$A$18=INT('Raw Data'!$A$1:$A$18)))+SUMPRODUCT(--('Raw Data'!$C$1:$C$18=INT('Raw Data'!$C$1:$C$18)))+SUMPRODUCT(--('Raw Data'!$E$1:$E$18=INT('Raw Data'!$E$1:$E$18))),"",IF((ROW(E2)-1)*6+COLUMN(E2)<=SUMPRODUCT(--('Raw Data'!$A$1:$A$18=INT('Raw Data'!$A$1:$A$18))),INDEX('Raw Data'!$A:$A,(ROW(E2)-1)*6+COLUMN(E2)),IF((ROW(E2)-1)*6+COLUMN(E2)<=SUMPRODUCT(--('Raw Data'!$A$1:$A$18=INT('Raw Data'!$A$1:$A$18)))+SUMPRODUCT(--('Raw Data'!$C$1:$C$18=INT('Raw Data'!$C$1:$C$18))),INDEX('Raw Data'!$C:$C,(ROW(E2)-1)*6+COLUMN(E2)-SUMPRODUCT(--('Raw Data'!$A$1:$A$18=INT('Raw Data'!$A$1:$A$18)))),INDEX('Raw Data'!$E:$E,(ROW(E2)-1)*6+COLUMN(E2)-SUMPRODUCT(--('Raw Data'!$A$1:$A$18=INT('Raw Data'!$A$1:$A$18)))-SUMPRODUCT(--('Raw Data'!$C$1:$C$18=INT('Raw Data'!$C$1:$C$18))))))) | F2: =IF((ROW(F2)-1)*6+COLUMN(F2)>SUMPRODUCT(--('Raw Data'!$A$1:$A$18=INT('Raw Data'!$A$1:$A$18)))+SUMPRODUCT(--('Raw Data'!$C$1:$C$18=INT('Raw Data'!$C$1:$C$18)))+SUMPRODUCT(--('Raw Data'!$E$1:$E$18=INT('Raw Data'!$E$1:$E$18))),"",IF((ROW(F2)-1)*6+COLUMN(F2)<=SUMPRODUCT(--('Raw Data'!$A$1:$A$18=INT('Raw Data'!$A$1:$A$18))),INDEX('Raw Data'!$A:$A,(ROW(F2)-1)*6+COLUMN(F2)),IF((ROW(F2)-1)*6+COLUMN(F2)<=SUMPRODUCT(--('Raw Data'!$A$1:$A$18=INT('Raw Data'!$A$1:$A$18)))+SUMPRODUCT(--('Raw Data'!$C$1:$C$18=INT('Raw Data'!$C$1:$C$18))),INDEX('Raw Data'!$C:$C,(ROW(F2)-1)*6+COLUMN(F2)-SUMPRODUCT(--('Raw Data'!$A$1:$A$18=INT('Raw Data'!$A$1:$A$18)))),INDEX('Raw Data'!$E:$E,(ROW(F2)-1)*6+COLUMN(F2)-SUMPRODUCT(--('Raw Data'!$A$1:$A$18=INT('Raw Data'!$A$1:$A$18)))-SUMPRODUCT(--('Raw Data'!$C$1:$C$18=INT('Raw Data'!$C$1:$C$18)))))))
A3: =IF((ROW(A3)-1)*6+COLUMN(A3)>SUMPRODUCT(--('Raw Data'!$A$1:$A$18=INT('Raw Data'!$A$1:$A$18)))+SUMPRODUCT(--('Raw Data'!$C$1:$C$18=INT('Raw Data'!$C$1:$C$18)))+SUMPRODUCT(--('Raw Data'!$E$1:$E$18=INT('Raw Data'!$E$1:$E$18))),"",IF((ROW(A3)-1)*6+COLUMN(A3)<=SUMPRODUCT(--('Raw Data'!$A$1:$A$18=INT('Raw Data'!$A$1:$A$18))),INDEX('Raw Data'!$A:$A,(ROW(A3)-1)*6+COLUMN(A3)),IF((ROW(A3)-1)*6+COLUMN(A3)<=SUMPRODUCT(--('Raw Data'!$A$1:$A$18=INT('Raw Data'!$A$1:$A$18)))+SUMPRODUCT(--('Raw Data'!$C$1:$C$18=INT('Raw Data'!$C$1:$C$18))),INDEX('Raw Data'!$C:$C,(ROW(A3)-1)*6+COLUMN(A3)-SUMPRODUCT(--('Raw Data'!$A$1:$A$18=INT('Raw Data'!$A$1:$A$18)))),INDEX('Raw Data'!$E:$E,(ROW(A3)-1)*6+COLUMN(A3)-SUMPRODUCT(--('Raw Data'!$A$1:$A$18=INT('Raw Data'!$A$1:$A$18)))-SUMPRODUCT(--('Raw Data'!$C$1:$C$18=INT('Raw Data'!$C$1:$C$18))))))) | B3: =IF((ROW(B3)-1)*6+COLUMN(B3)>SUMPRODUCT(--('Raw Data'!$A$1:$A$18=INT('Raw Data'!$A$1:$A$18)))+SUMPRODUCT(--('Raw Data'!$C$1:$C$18=INT('Raw Data'!$C$1:$C$18)))+SUMPRODUCT(--('Raw Data'!$E$1:$E$18=INT('Raw Data'!$E$1:$E$18))),"",IF((ROW(B3)-1)*6+COLUMN(B3)<=SUMPRODUCT(--('Raw Data'!$A$1:$A$18=INT('Raw Data'!$A$1:$A$18))),INDEX('Raw Data'!$A:$A,(ROW(B3)-1)*6+COLUMN(B3)),IF((ROW(B3)-1)*6+COLUMN(B3)<=SUMPRODUCT(--('Raw Data'!$A$1:$A$18=INT('Raw Data'!$A$1:$A$18)))+SUMPRODUCT(--('Raw Data'!$C$1:$C$18=INT('Raw Data'!$C$1:$C$18))),INDEX('Raw Data'!$C:$C,(ROW(B3)-1)*6+COLUMN(B3)-SUMPRODUCT(--('Raw Data'!$A$1:$A$18=INT('Raw Data'!$A$1:$A$18)))),INDEX('Raw Data'!$E:$E,(ROW(B3)-1)*6+COLUMN(B3)-SUMPRODUCT(--('Raw Data'!$A$1:$A$18=INT('Raw Data'!$A$1:$A$18)))-SUMPRODUCT(--('Raw Data'!$C$1:$C$18=INT('Raw Data'!$C$1:$C$18))))))) | C3: =IF((ROW(C3)-1)*6+COLUMN(C3)>SUMPRODUCT(--('Raw Data'!$A$1:$A$18=INT('Raw Data'!$A$1:$A$18)))+SUMPRODUCT(--('Raw Data'!$C$1:$C$18=INT('Raw Data'!$C$1:$C$18)))+SUMPRODUCT(--('Raw Data'!$E$1:$E$18=INT('Raw Data'!$E$1:$E$18))),"",IF((ROW(C3)-1)*6+COLUMN(C3)<=SUMPRODUCT(--('Raw Data'!$A$1:$A$18=INT('Raw Data'!$A$1:$A$18))),INDEX('Raw Data'!$A:$A,(ROW(C3)-1)*6+COLUMN(C3)),IF((ROW(C3)-1)*6+COLUMN(C3)<=SUMPRODUCT(--('Raw Data'!$A$1:$A$18=INT('Raw Data'!$A$1:$A$18)))+SUMPRODUCT(--('Raw Data'!$C$1:$C$18=INT('Raw Data'!$C$1:$C$18))),INDEX('Raw Data'!$C:$C,(ROW(C3)-1)*6+COLUMN(C3)-SUMPRODUCT(--('Raw Data'!$A$1:$A$18=INT('Raw Data'!$A$1:$A$18)))),INDEX('Raw Data'!$E:$E,(ROW(C3)-1)*6+COLUMN(C3)-SUMPRODUCT(--('Raw Data'!$A$1:$A$18=INT('Raw Data'!$A$1:$A$18)))-SUMPRODUCT(--('Raw Data'!$C$1:$C$18=INT('Raw Data'!$C$1:$C$18))))))) | D3: =IF((ROW(D3)-1)*6+COLUMN(D3)>SUMPRODUCT(--('Raw Data'!$A$1:$A$18=INT('Raw Data'!$A$1:$A$18)))+SUMPRODUCT(--('Raw Data'!$C$1:$C$18=INT('Raw Data'!$C$1:$C$18)))+SUMPRODUCT(--('Raw Data'!$E$1:$E$18=INT('Raw Data'!$E$1:$E$18))),"",IF((ROW(D3)-1)*6+COLUMN(D3)<=SUMPRODUCT(--('Raw Data'!$A$1:$A$18=INT('Raw Data'!$A$1:$A$18))),INDEX('Raw Data'!$A:$A,(ROW(D3)-1)*6+COLUMN(D3)),IF((ROW(D3)-1)*6+COLUMN(D3)<=SUMPRODUCT(--('Raw Data'!$A$1:$A$18=INT('Raw Data'!$A$1:$A$18)))+SUMPRODUCT(--('Raw Data'!$C$1:$C$18=INT('Raw Data'!$C$1:$C$18))),INDEX('Raw Data'!$C:$C,(ROW(D3)-1)*6+COLUMN(D3)-SUMPRODUCT(--('Raw Data'!$A$1:$A$18=INT('Raw Data'!$A$1:$A$18)))),INDEX('Raw Data'!$E:$E,(ROW(D3)-1)*6+COLUMN(D3)-SUMPRODUCT(--('Raw Data'!$A$1:$A$18=INT('Raw Data'!$A$1:$A$18)))-SUMPRODUCT(--('Raw Data'!$C$1:$C$18=INT('Raw Data'!$C$1:$C$18))))))) | E3: =IF((ROW(E3)-1)*6+COLUMN(E3)>SUMPRODUCT(--('Raw Data'!$A$1:$A$18=INT('Raw Data'!$A$1:$A$18)))+SUMPRODUCT(--('Raw Data'!$C$1:$C$18=INT('Raw Data'!$C$1:$C$18)))+SUMPRODUCT(--('Raw Data'!$E$1:$E$18=INT('Raw Data'!$E$1:$E$18))),"",IF((ROW(E3)-1)*6+COLUMN(E3)<=SUMPRODUCT(--('Raw Data'!$A$1:$A$18=INT('Raw Data'!$A$1:$A$18))),INDEX('Raw Data'!$A:$A,(ROW(E3)-1)*6+COLUMN(E3)),IF((ROW(E3)-1)*6+COLUMN(E3)<=SUMPRODUCT(--('Raw Data'!$A$1:$A$18=INT('Raw Data'!$A$1:$A$18)))+SUMPRODUCT(--('Raw Data'!$C$1:$C$18=INT('Raw Data'!$C$1:$C$18))),INDEX('Raw Data'!$C:$C,(ROW(E3)-1)*6+COLUMN(E3)-SUMPRODUCT(--('Raw Data'!$A$1:$A$18=INT('Raw Data'!$A$1:$A$18)))),INDEX('Raw Data'!$E:$E,(ROW(E3)-1)*6+COLUMN(E3)-SUMPRODUCT(--('Raw Data'!$A$1:$A$18=INT('Raw Data'!$A$1:$A$18)))-SUMPRODUCT(--('Raw Data'!$C$1:$C$18=INT('Raw Data'!$C$1:$C$18))))))) | F3: =IF((ROW(F3)-1)*6+COLUMN(F3)>SUMPRODUCT(--('Raw Data'!$A$1:$A$18=INT('Raw Data'!$A$1:$A$18)))+SUMPRODUCT(--('Raw Data'!$C$1:$C$18=INT('Raw Data'!$C$1:$C$18)))+SUMPRODUCT(--('Raw Data'!$E$1:$E$18=INT('Raw Data'!$E$1:$E$18))),"",IF((ROW(F3)-1)*6+COLUMN(F3)<=SUMPRODUCT(--('Raw Data'!$A$1:$A$18=INT('Raw Data'!$A$1:$A$18))),INDEX('Raw Data'!$A:$A,(ROW(F3)-1)*6+COLUMN(F3)),IF((ROW(F3)-1)*6+COLUMN(F3)<=SUMPRODUCT(--('Raw Data'!$A$1:$A$18=INT('Raw Data'!$A$1:$A$18)))+SUMPRODUCT(--('Raw Data'!$C$1:$C$18=INT('Raw Data'!$C$1:$C$18))),INDEX('Raw Data'!$C:$C,(ROW(F3)-1)*6+COLUMN(F3)-SUMPRODUCT(--('Raw Data'!$A$1:$A$18=INT('Raw Data'!$A$1:$A$18)))),INDEX('Raw Data'!$E:$E,(ROW(F3)-1)*6+COLUMN(F3)-SUMPRODUCT(--('Raw Data'!$A$1:$A$18=INT('Raw Data'!$A$1:$A$18)))-SUMPRODUCT(--('Raw Data'!$C$1:$C$18=INT('Raw Data'!$C$1:$C$18)))))))
A4: =IF((ROW(A4)-1)*6+COLUMN(A4)>SUMPRODUCT(--('Raw Data'!$A$1:$A$18=INT('Raw Data'!$A$1:$A$18)))+SUMPRODUCT(--('Raw Data'!$C$1:$C$18=INT('Raw Data'!$C$1:$C$18)))+SUMPRODUCT(--('Raw Data'!$E$1:$E$18=INT('Raw Data'!$E$1:$E$18))),"",IF((ROW(A4)-1)*6+COLUMN(A4)<=SUMPRODUCT(--('Raw Data'!$A$1:$A$18=INT('Raw Data'!$A$1:$A$18))),INDEX('Raw Data'!$A:$A,(ROW(A4)-1)*6+COLUMN(A4)),IF((ROW(A4)-1)*6+COLUMN(A4)<=SUMPRODUCT(--('Raw Data'!$A$1:$A$18=INT('Raw Data'!$A$1:$A$18)))+SUMPRODUCT(--('Raw Data'!$C$1:$C$18=INT('Raw Data'!$C$1:$C$18))),INDEX('Raw Data'!$C:$C,(ROW(A4)-1)*6+COLUMN(A4)-SUMPRODUCT(--('Raw Data'!$A$1:$A$18=INT('Raw Data'!$A$1:$A$18)))),INDEX('Raw Data'!$E:$E,(ROW(A4)-1)*6+COLUMN(A4)-SUMPRODUCT(--('Raw Data'!$A$1:$A$18=INT('Raw Data'!$A$1:$A$18)))-SUMPRODUCT(--('Raw Data'!$C$1:$C$18=INT('Raw Data'!$C$1:$C$18))))))) | B4: =IF((ROW(B4)-1)*6+COLUMN(B4)>SUMPRODUCT(--('Raw Data'!$A$1:$A$18=INT('Raw Data'!$A$1:$A$18)))+SUMPRODUCT(--('Raw Data'!$C$1:$C$18=INT('Raw Data'!$C$1:$C$18)))+SUMPRODUCT(--('Raw Data'!$E$1:$E$18=INT('Raw Data'!$E$1:$E$18))),"",IF((ROW(B4)-1)*6+COLUMN(B4)<=SUMPRODUCT(--('Raw Data'!$A$1:$A$18=INT('Raw Data'!$A$1:$A$18))),INDEX('Raw Data'!$A:$A,(ROW(B4)-1)*6+COLUMN(B4)),IF((ROW(B4)-1)*6+COLUMN(B4)<=SUMPRODUCT(--('Raw Data'!$A$1:$A$18=INT('Raw Data'!$A$1:$A$18)))+SUMPRODUCT(--('Raw Data'!$C$1:$C$18=INT('Raw Data'!$C$1:$C$18))),INDEX('Raw Data'!$C:$C,(ROW(B4)-1)*6+COLUMN(B4)-SUMPRODUCT(--('Raw Data'!$A$1:$A$18=INT('Raw Data'!$A$1:$A$18)))),INDEX('Raw Data'!$E:$E,(ROW(B4)-1)*6+COLUMN(B4)-SUMPRODUCT(--('Raw Data'!$A$1:$A$18=INT('Raw Data'!$A$1:$A$18)))-SUMPRODUCT(--('Raw Data'!$C$1:$C$18=INT('Raw Data'!$C$1:$C$18))))))) | C4: =IF((ROW(C4)-1)*6+COLUMN(C4)>SUMPRODUCT(--('Raw Data'!$A$1:$A$18=INT('Raw Data'!$A$1:$A$18)))+SUMPRODUCT(--('Raw Data'!$C$1:$C$18=INT('Raw Data'!$C$1:$C$18)))+SUMPRODUCT(--('Raw Data'!$E$1:$E$18=INT('Raw Data'!$E$1:$E$18))),"",IF((ROW(C4)-1)*6+COLUMN(C4)<=SUMPRODUCT(--('Raw Data'!$A$1:$A$18=INT('Raw Data'!$A$1:$A$18))),INDEX('Raw Data'!$A:$A,(ROW(C4)-1)*6+COLUMN(C4)),IF((ROW(C4)-1)*6+COLUMN(C4)<=SUMPRODUCT(--('Raw Data'!$A$1:$A$18=INT('Raw Data'!$A$1:$A$18)))+SUMPRODUCT(--('Raw Data'!$C$1:$C$18=INT('Raw Data'!$C$1:$C$18))),INDEX('Raw Data'!$C:$C,(ROW(C4)-1)*6+COLUMN(C4)-SUMPRODUCT(--('Raw Data'!$A$1:$A$18=INT('Raw Data'!$A$1:$A$18)))),INDEX('Raw Data'!$E:$E,(ROW(C4)-1)*6+COLUMN(C4)-SUMPRODUCT(--('Raw Data'!$A$1:$A$18=INT('Raw Data'!$A$1:$A$18)))-SUMPRODUCT(--('Raw Data'!$C$1:$C$18=INT('Raw Data'!$C$1:$C$18))))))) | D4: =IF((ROW(D4)-1)*6+COLUMN(D4)>SUMPRODUCT(--('Raw Data'!$A$1:$A$18=INT('Raw Data'!$A$1:$A$18)))+SUMPRODUCT(--('Raw Data'!$C$1:$C$18=INT('Raw Data'!$C$1:$C$18)))+SUMPRODUCT(--('Raw Data'!$E$1:$E$18=INT('Raw Data'!$E$1:$E$18))),"",IF((ROW(D4)-1)*6+COLUMN(D4)<=SUMPRODUCT(--('Raw Data'!$A$1:$A$18=INT('Raw Data'!$A$1:$A$18))),INDEX('Raw Data'!$A:$A,(ROW(D4)-1)*6+COLUMN(D4)),IF((ROW(D4)-1)*6+COLUMN(D4)<=SUMPRODUCT(--('Raw Data'!$A$1:$A$18=INT('Raw Data'!$A$1:$A$18)))+SUMPRODUCT(--('Raw Data'!$C$1:$C$18=INT('Raw Data'!$C$1:$C$18))),INDEX('Raw Data'!$C:$C,(ROW(D4)-1)*6+COLUMN(D4)-SUMPRODUCT(--('Raw Data'!$A$1:$A$18=INT('Raw Data'!$A$1:$A$18)))),INDEX('Raw Data'!$E:$E,(ROW(D4)-1)*6+COLUMN(D4)-SUMPRODUCT(--('Raw Data'!$A$1:$A$18=INT('Raw Data'!$A$1:$A$18)))-SUMPRODUCT(--('Raw Data'!$C$1:$C$18=INT('Raw Data'!$C$1:$C$18))))))) | E4: =IF((ROW(E4)-1)*6+COLUMN(E4)>SUMPRODUCT(--('Raw Data'!$A$1:$A$18=INT('Raw Data'!$A$1:$A$18)))+SUMPRODUCT(--('Raw Data'!$C$1:$C$18=INT('Raw Data'!$C$1:$C$18)))+SUMPRODUCT(--('Raw Data'!$E$1:$E$18=INT('Raw Data'!$E$1:$E$18))),"",IF((ROW(E4)-1)*6+COLUMN(E4)<=SUMPRODUCT(--('Raw Data'!$A$1:$A$18=INT('Raw Data'!$A$1:$A$18))),INDEX('Raw Data'!$A:$A,(ROW(E4)-1)*6+COLUMN(E4)),IF((ROW(E4)-1)*6+COLUMN(E4)<=SUMPRODUCT(--('Raw Data'!$A$1:$A$18=INT('Raw Data'!$A$1:$A$18)))+SUMPRODUCT(--('Raw Data'!$C$1:$C$18=INT('Raw Data'!$C$1:$C$18))),INDEX('Raw Data'!$C:$C,(ROW(E4)-1)*6+COLUMN(E4)-SUMPRODUCT(--('Raw Data'!$A$1:$A$18=INT('Raw Data'!$A$1:$A$18)))),INDEX('Raw Data'!$E:$E,(ROW(E4)-1)*6+COLUMN(E4)-SUMPRODUCT(--('Raw Data'!$A$1:$A$18=INT('Raw Data'!$A$1:$A$18)))-SUMPRODUCT(--('Raw Data'!$C$1:$C$18=INT('Raw Data'!$C$1:$C$18))))))) | F4: =IF((ROW(F4)-1)*6+COLUMN(F4)>SUMPRODUCT(--('Raw Data'!$A$1:$A$18=INT('Raw Data'!$A$1:$A$18)))+SUMPRODUCT(--('Raw Data'!$C$1:$C$18=INT('Raw Data'!$C$1:$C$18)))+SUMPRODUCT(--('Raw Data'!$E$1:$E$18=INT('Raw Data'!$E$1:$E$18))),"",IF((ROW(F4)-1)*6+COLUMN(F4)<=SUMPRODUCT(--('Raw Data'!$A$1:$A$18=INT('Raw Data'!$A$1:$A$18))),INDEX('Raw Data'!$A:$A,(ROW(F4)-1)*6+COLUMN(F4)),IF((ROW(F4)-1)*6+COLUMN(F4)<=SUMPRODUCT(--('Raw Data'!$A$1:$A$18=INT('Raw Data'!$A$1:$A$18)))+SUMPRODUCT(--('Raw Data'!$C$1:$C$18=INT('Raw Data'!$C$1:$C$18))),INDEX('Raw Data'!$C:$C,(ROW(F4)-1)*6+COLUMN(F4)-SUMPRODUCT(--('Raw Data'!$A$1:$A$18=INT('Raw Data'!$A$1:$A$18)))),INDEX('Raw Data'!$E:$E,(ROW(F4)-1)*6+COLUMN(F4)-SUMPRODUCT(--('Raw Data'!$A$1:$A$18=INT('Raw Data'!$A$1:$A$18)))-SUMPRODUCT(--('Raw Data'!$C$1:$C$18=INT('Raw Data'!$C$1:$C$18)))))))
A5: =IF((ROW(A5)-1)*6+COLUMN(A5)>SUMPRODUCT(--('Raw Data'!$A$1:$A$18=INT('Raw Data'!$A$1:$A$18)))+SUMPRODUCT(--('Raw Data'!$C$1:$C$18=INT('Raw Data'!$C$1:$C$18)))+SUMPRODUCT(--('Raw Data'!$E$1:$E$18=INT('Raw Data'!$E$1:$E$18))),"",IF((ROW(A5)-1)*6+COLUMN(A5)<=SUMPRODUCT(--('Raw Data'!$A$1:$A$18=INT('Raw Data'!$A$1:$A$18))),INDEX('Raw Data'!$A:$A,(ROW(A5)-1)*6+COLUMN(A5)),IF((ROW(A5)-1)*6+COLUMN(A5)<=SUMPRODUCT(--('Raw Data'!$A$1:$A$18=INT('Raw Data'!$A$1:$A$18)))+SUMPRODUCT(--('Raw Data'!$C$1:$C$18=INT('Raw Data'!$C$1:$C$18))),INDEX('Raw Data'!$C:$C,(ROW(A5)-1)*6+COLUMN(A5)-SUMPRODUCT(--('Raw Data'!$A$1:$A$18=INT('Raw Data'!$A$1:$A$18)))),INDEX('Raw Data'!$E:$E,(ROW(A5)-1)*6+COLUMN(A5)-SUMPRODUCT(--('Raw Data'!$A$1:$A$18=INT('Raw Data'!$A$1:$A$18)))-SUMPRODUCT(--('Raw Data'!$C$1:$C$18=INT('Raw Data'!$C$1:$C$18))))))) | B5: =IF((ROW(B5)-1)*6+COLUMN(B5)>SUMPRODUCT(--('Raw Data'!$A$1:$A$18=INT('Raw Data'!$A$1:$A$18)))+SUMPRODUCT(--('Raw Data'!$C$1:$C$18=INT('Raw Data'!$C$1:$C$18)))+SUMPRODUCT(--('Raw Data'!$E$1:$E$18=INT('Raw Data'!$E$1:$E$18))),"",IF((ROW(B5)-1)*6+COLUMN(B5)<=SUMPRODUCT(--('Raw Data'!$A$1:$A$18=INT('Raw Data'!$A$1:$A$18))),INDEX('Raw Data'!$A:$A,(ROW(B5)-1)*6+COLUMN(B5)),IF((ROW(B5)-1)*6+COLUMN(B5)<=SUMPRODUCT(--('Raw Data'!$A$1:$A$18=INT('Raw Data'!$A$1:$A$18)))+SUMPRODUCT(--('Raw Data'!$C$1:$C$18=INT('Raw Data'!$C$1:$C$18))),INDEX('Raw Data'!$C:$C,(ROW(B5)-1)*6+COLUMN(B5)-SUMPRODUCT(--('Raw Data'!$A$1:$A$18=INT('Raw Data'!$A$1:$A$18)))),INDEX('Raw Data'!$E:$E,(ROW(B5)-1)*6+COLUMN(B5)-SUMPRODUCT(--('Raw Data'!$A$1:$A$18=INT('Raw Data'!$A$1:$A$18)))-SUMPRODUCT(--('Raw Data'!$C$1:$C$18=INT('Raw Data'!$C$1:$C$18))))))) | C5: =IF((ROW(C5)-1)*6+COLUMN(C5)>SUMPRODUCT(--('Raw Data'!$A$1:$A$18=INT('Raw Data'!$A$1:$A$18)))+SUMPRODUCT(--('Raw Data'!$C$1:$C$18=INT('Raw Data'!$C$1:$C$18)))+SUMPRODUCT(--('Raw Data'!$E$1:$E$18=INT('Raw Data'!$E$1:$E$18))),"",IF((ROW(C5)-1)*6+COLUMN(C5)<=SUMPRODUCT(--('Raw Data'!$A$1:$A$18=INT('Raw Data'!$A$1:$A$18))),INDEX('Raw Data'!$A:$A,(ROW(C5)-1)*6+COLUMN(C5)),IF((ROW(C5)-1)*6+COLUMN(C5)<=SUMPRODUCT(--('Raw Data'!$A$1:$A$18=INT('Raw Data'!$A$1:$A$18)))+SUMPRODUCT(--('Raw Data'!$C$1:$C$18=INT('Raw Data'!$C$1:$C$18))),INDEX('Raw Data'!$C:$C,(ROW(C5)-1)*6+COLUMN(C5)-SUMPRODUCT(--('Raw Data'!$A$1:$A$18=INT('Raw Data'!$A$1:$A$18)))),INDEX('Raw Data'!$E:$E,(ROW(C5)-1)*6+COLUMN(C5)-SUMPRODUCT(--('Raw Data'!$A$1:$A$18=INT('Raw Data'!$A$1:$A$18)))-SUMPRODUCT(--('Raw Data'!$C$1:$C$18=INT('Raw Data'!$C$1:$C$18))))))) | D5: =IF((ROW(D5)-1)*6+COLUMN(D5)>SUMPRODUCT(--('Raw Data'!$A$1:$A$18=INT('Raw Data'!$A$1:$A$18)))+SUMPRODUCT(--('Raw Data'!$C$1:$C$18=INT('Raw Data'!$C$1:$C$18)))+SUMPRODUCT(--('Raw Data'!$E$1:$E$18=INT('Raw Data'!$E$1:$E$18))),"",IF((ROW(D5)-1)*6+COLUMN(D5)<=SUMPRODUCT(--('Raw Data'!$A$1:$A$18=INT('Raw Data'!$A$1:$A$18))),INDEX('Raw Data'!$A:$A,(ROW(D5)-1)*6+COLUMN(D5)),IF((ROW(D5)-1)*6+COLUMN(D5)<=SUMPRODUCT(--('Raw Data'!$A$1:$A$18=INT('Raw Data'!$A$1:$A$18)))+SUMPRODUCT(--('Raw Data'!$C$1:$C$18=INT('Raw Data'!$C$1:$C$18))),INDEX('Raw Data'!$C:$C,(ROW(D5)-1)*6+COLUMN(D5)-SUMPRODUCT(--('Raw Data'!$A$1:$A$18=INT('Raw Data'!$A$1:$A$18)))),INDEX('Raw Data'!$E:$E,(ROW(D5)-1)*6+COLUMN(D5)-SUMPRODUCT(--('Raw Data'!$A$1:$A$18=INT('Raw Data'!$A$1:$A$18)))-SUMPRODUCT(--('Raw Data'!$C$1:$C$18=INT('Raw Data'!$C$1:$C$18))))))) | E5: =IF((ROW(E5)-1)*6+COLUMN(E5)>SUMPRODUCT(--('Raw Data'!$A$1:$A$18=INT('Raw Data'!$A$1:$A$18)))+SUMPRODUCT(--('Raw Data'!$C$1:$C$18=INT('Raw Data'!$C$1:$C$18)))+SUMPRODUCT(--('Raw Data'!$E$1:$E$18=INT('Raw Data'!$E$1:$E$18))),"",IF((ROW(E5)-1)*6+COLUMN(E5)<=SUMPRODUCT(--('Raw Data'!$A$1:$A$18=INT('Raw Data'!$A$1:$A$18))),INDEX('Raw Data'!$A:$A,(ROW(E5)-1)*6+COLUMN(E5)),IF((ROW(E5)-1)*6+COLUMN(E5)<=SUMPRODUCT(--('Raw Data'!$A$1:$A$18=INT('Raw Data'!$A$1:$A$18)))+SUMPRODUCT(--('Raw Data'!$C$1:$C$18=INT('Raw Data'!$C$1:$C$18))),INDEX('Raw Data'!$C:$C,(ROW(E5)-1)*6+COLUMN(E5)-SUMPRODUCT(--('Raw Data'!$A$1:$A$18=INT('Raw Data'!$A$1:$A$18)))),INDEX('Raw Data'!$E:$E,(ROW(E5)-1)*6+COLUMN(E5)-SUMPRODUCT(--('Raw Data'!$A$1:$A$18=INT('Raw Data'!$A$1:$A$18)))-SUMPRODUCT(--('Raw Data'!$C$1:$C$18=INT('Raw Data'!$C$1:$C$18))))))) | F5: =IF((ROW(F5)-1)*6+COLUMN(F5)>SUMPRODUCT(--('Raw Data'!$A$1:$A$18=INT('Raw Data'!$A$1:$A$18)))+SUMPRODUCT(--('Raw Data'!$C$1:$C$18=INT('Raw Data'!$C$1:$C$18)))+SUMPRODUCT(--('Raw Data'!$E$1:$E$18=INT('Raw Data'!$E$1:$E$18))),"",IF((ROW(F5)-1)*6+COLUMN(F5)<=SUMPRODUCT(--('Raw Data'!$A$1:$A$18=INT('Raw Data'!$A$1:$A$18))),INDEX('Raw Data'!$A:$A,(ROW(F5)-1)*6+COLUMN(F5)),IF((ROW(F5)-1)*6+COLUMN(F5)<=SUMPRODUCT(--('Raw Data'!$A$1:$A$18=INT('Raw Data'!$A$1:$A$18)))+SUMPRODUCT(--('Raw Data'!$C$1:$C$18=INT('Raw Data'!$C$1:$C$18))),INDEX('Raw Data'!$C:$C,(ROW(F5)-1)*6+COLUMN(F5)-SUMPRODUCT(--('Raw Data'!$A$1:$A$18=INT('Raw Data'!$A$1:$A$18)))),INDEX('Raw Data'!$E:$E,(ROW(F5)-1)*6+COLUMN(F5)-SUMPRODUCT(--('Raw Data'!$A$1:$A$18=INT('Raw Data'!$A$1:$A$18)))-SUMPRODUCT(--('Raw Data'!$C$1:$C$18=INT('Raw Data'!$C$1:$C$18)))))))
A6: =IF((ROW(A6)-1)*6+COLUMN(A6)>SUMPRODUCT(--('Raw Data'!$A$1:$A$18=INT('Raw Data'!$A$1:$A$18)))+SUMPRODUCT(--('Raw Data'!$C$1:$C$18=INT('Raw Data'!$C$1:$C$18)))+SUMPRODUCT(--('Raw Data'!$E$1:$E$18=INT('Raw Data'!$E$1:$E$18))),"",IF((ROW(A6)-1)*6+COLUMN(A6)<=SUMPRODUCT(--('Raw Data'!$A$1:$A$18=INT('Raw Data'!$A$1:$A$18))),INDEX('Raw Data'!$A:$A,(ROW(A6)-1)*6+COLUMN(A6)),IF((ROW(A6)-1)*6+COLUMN(A6)<=SUMPRODUCT(--('Raw Data'!$A$1:$A$18=INT('Raw Data'!$A$1:$A$18)))+SUMPRODUCT(--('Raw Data'!$C$1:$C$18=INT('Raw Data'!$C$1:$C$18))),INDEX('Raw Data'!$C:$C,(ROW(A6)-1)*6+COLUMN(A6)-SUMPRODUCT(--('Raw Data'!$A$1:$A$18=INT('Raw Data'!$A$1:$A$18)))),INDEX('Raw Data'!$E:$E,(ROW(A6)-1)*6+COLUMN(A6)-SUMPRODUCT(--('Raw Data'!$A$1:$A$18=INT('Raw Data'!$A$1:$A$18)))-SUMPRODUCT(--('Raw Data'!$C$1:$C$18=INT('Raw Data'!$C$1:$C$18))))))) | B6: =IF((ROW(B6)-1)*6+COLUMN(B6)>SUMPRODUCT(--('Raw Data'!$A$1:$A$18=INT('Raw Data'!$A$1:$A$18)))+SUMPRODUCT(--('Raw Data'!$C$1:$C$18=INT('Raw Data'!$C$1:$C$18)))+SUMPRODUCT(--('Raw Data'!$E$1:$E$18=INT('Raw Data'!$E$1:$E$18))),"",IF((ROW(B6)-1)*6+COLUMN(B6)<=SUMPRODUCT(--('Raw Data'!$A$1:$A$18=INT('Raw Data'!$A$1:$A$18))),INDEX('Raw Data'!$A:$A,(ROW(B6)-1)*6+COLUMN(B6)),IF((ROW(B6)-1)*6+COLUMN(B6)<=SUMPRODUCT(--('Raw Data'!$A$1:$A$18=INT('Raw Data'!$A$1:$A$18)))+SUMPRODUCT(--('Raw Data'!$C$1:$C$18=INT('Raw Data'!$C$1:$C$18))),INDEX('Raw Data'!$C:$C,(ROW(B6)-1)*6+COLUMN(B6)-SUMPRODUCT(--('Raw Data'!$A$1:$A$18=INT('Raw Data'!$A$1:$A$18)))),INDEX('Raw Data'!$E:$E,(ROW(B6)-1)*6+COLUMN(B6)-SUMPRODUCT(--('Raw Data'!$A$1:$A$18=INT('Raw Data'!$A$1:$A$18)))-SUMPRODUCT(--('Raw Data'!$C$1:$C$18=INT('Raw Data'!$C$1:$C$18))))))) | C6: =IF((ROW(C6)-1)*6+COLUMN(C6)>SUMPRODUCT(--('Raw Data'!$A$1:$A$18=INT('Raw Data'!$A$1:$A$18)))+SUMPRODUCT(--('Raw Data'!$C$1:$C$18=INT('Raw Data'!$C$1:$C$18)))+SUMPRODUCT(--('Raw Data'!$E$1:$E$18=INT('Raw Data'!$E$1:$E$18))),"",IF((ROW(C6)-1)*6+COLUMN(C6)<=SUMPRODUCT(--('Raw Data'!$A$1:$A$18=INT('Raw Data'!$A$1:$A$18))),INDEX('Raw Data'!$A:$A,(ROW(C6)-1)*6+COLUMN(C6)),IF((ROW(C6)-1)*6+COLUMN(C6)<=SUMPRODUCT(--('Raw Data'!$A$1:$A$18=INT('Raw Data'!$A$1:$A$18)))+SUMPRODUCT(--('Raw Data'!$C$1:$C$18=INT('Raw Data'!$C$1:$C$18))),INDEX('Raw Data'!$C:$C,(ROW(C6)-1)*6+COLUMN(C6)-SUMPRODUCT(--('Raw Data'!$A$1:$A$18=INT('Raw Data'!$A$1:$A$18)))),INDEX('Raw Data'!$E:$E,(ROW(C6)-1)*6+COLUMN(C6)-SUMPRODUCT(--('Raw Data'!$A$1:$A$18=INT('Raw Data'!$A$1:$A$18)))-SUMPRODUCT(--('Raw Data'!$C$1:$C$18=INT('Raw Data'!$C$1:$C$18))))))) | D6: =IF((ROW(D6)-1)*6+COLUMN(D6)>SUMPRODUCT(--('Raw Data'!$A$1:$A$18=INT('Raw Data'!$A$1:$A$18)))+SUMPRODUCT(--('Raw Data'!$C$1:$C$18=INT('Raw Data'!$C$1:$C$18)))+SUMPRODUCT(--('Raw Data'!$E$1:$E$18=INT('Raw Data'!$E$1:$E$18))),"",IF((ROW(D6)-1)*6+COLUMN(D6)<=SUMPRODUCT(--('Raw Data'!$A$1:$A$18=INT('Raw Data'!$A$1:$A$18))),INDEX('Raw Data'!$A:$A,(ROW(D6)-1)*6+COLUMN(D6)),IF((ROW(D6)-1)*6+COLUMN(D6)<=SUMPRODUCT(--('Raw Data'!$A$1:$A$18=INT('Raw Data'!$A$1:$A$18)))+SUMPRODUCT(--('Raw Data'!$C$1:$C$18=INT('Raw Data'!$C$1:$C$18))),INDEX('Raw Data'!$C:$C,(ROW(D6)-1)*6+COLUMN(D6)-SUMPRODUCT(--('Raw Data'!$A$1:$A$18=INT('Raw Data'!$A$1:$A$18)))),INDEX('Raw Data'!$E:$E,(ROW(D6)-1)*6+COLUMN(D6)-SUMPRODUCT(--('Raw Data'!$A$1:$A$18=INT('Raw Data'!$A$1:$A$18)))-SUMPRODUCT(--('Raw Data'!$C$1:$C$18=INT('Raw Data'!$C$1:$C$18))))))) | E6: =IF((ROW(E6)-1)*6+COLUMN(E6)>SUMPRODUCT(--('Raw Data'!$A$1:$A$18=INT('Raw Data'!$A$1:$A$18)))+SUMPRODUCT(--('Raw Data'!$C$1:$C$18=INT('Raw Data'!$C$1:$C$18)))+SUMPRODUCT(--('Raw Data'!$E$1:$E$18=INT('Raw Data'!$E$1:$E$18))),"",IF((ROW(E6)-1)*6+COLUMN(E6)<=SUMPRODUCT(--('Raw Data'!$A$1:$A$18=INT('Raw Data'!$A$1:$A$18))),INDEX('Raw Data'!$A:$A,(ROW(E6)-1)*6+COLUMN(E6)),IF((ROW(E6)-1)*6+COLUMN(E6)<=SUMPRODUCT(--('Raw Data'!$A$1:$A$18=INT('Raw Data'!$A$1:$A$18)))+SUMPRODUCT(--('Raw Data'!$C$1:$C$18=INT('Raw Data'!$C$1:$C$18))),INDEX('Raw Data'!$C:$C,(ROW(E6)-1)*6+COLUMN(E6)-SUMPRODUCT(--('Raw Data'!$A$1:$A$18=INT('Raw Data'!$A$1:$A$18)))),INDEX('Raw Data'!$E:$E,(ROW(E6)-1)*6+COLUMN(E6)-SUMPRODUCT(--('Raw Data'!$A$1:$A$18=INT('Raw Data'!$A$1:$A$18)))-SUMPRODUCT(--('Raw Data'!$C$1:$C$18=INT('Raw Data'!$C$1:$C$18))))))) | F6: =IF((ROW(F6)-1)*6+COLUMN(F6)>SUMPRODUCT(--('Raw Data'!$A$1:$A$18=INT('Raw Data'!$A$1:$A$18)))+SUMPRODUCT(--('Raw Data'!$C$1:$C$18=INT('Raw Data'!$C$1:$C$18)))+SUMPRODUCT(--('Raw Data'!$E$1:$E$18=INT('Raw Data'!$E$1:$E$18))),"",IF((ROW(F6)-1)*6+COLUMN(F6)<=SUMPRODUCT(--('Raw Data'!$A$1:$A$18=INT('Raw Data'!$A$1:$A$18))),INDEX('Raw Data'!$A:$A,(ROW(F6)-1)*6+COLUMN(F6)),IF((ROW(F6)-1)*6+COLUMN(F6)<=SUMPRODUCT(--('Raw Data'!$A$1:$A$18=INT('Raw Data'!$A$1:$A$18)))+SUMPRODUCT(--('Raw Data'!$C$1:$C$18=INT('Raw Data'!$C$1:$C$18))),INDEX('Raw Data'!$C:$C,(ROW(F6)-1)*6+COLUMN(F6)-SUMPRODUCT(--('Raw Data'!$A$1:$A$18=INT('Raw Data'!$A$1:$A$18)))),INDEX('Raw Data'!$E:$E,(ROW(F6)-1)*6+COLUMN(F6)-SUMPRODUCT(--('Raw Data'!$A$1:$A$18=INT('Raw Data'!$A$1:$A$18)))-SUMPRODUCT(--('Raw Data'!$C$1:$C$18=INT('Raw Data'!$C$1:$C$18)))))))
A7: =IF((ROW(A7)-1)*6+COLUMN(A7)>SUMPRODUCT(--('Raw Data'!$A$1:$A$18=INT('Raw Data'!$A$1:$A$18)))+SUMPRODUCT(--('Raw Data'!$C$1:$C$18=INT('Raw Data'!$C$1:$C$18)))+SUMPRODUCT(--('Raw Data'!$E$1:$E$18=INT('Raw Data'!$E$1:$E$18))),"",IF((ROW(A7)-1)*6+COLUMN(A7)<=SUMPRODUCT(--('Raw Data'!$A$1:$A$18=INT('Raw Data'!$A$1:$A$18))),INDEX('Raw Data'!$A:$A,(ROW(A7)-1)*6+COLUMN(A7)),IF((ROW(A7)-1)*6+COLUMN(A7)<=SUMPRODUCT(--('Raw Data'!$A$1:$A$18=INT('Raw Data'!$A$1:$A$18)))+SUMPRODUCT(--('Raw Data'!$C$1:$C$18=INT('Raw Data'!$C$1:$C$18))),INDEX('Raw Data'!$C:$C,(ROW(A7)-1)*6+COLUMN(A7)-SUMPRODUCT(--('Raw Data'!$A$1:$A$18=INT('Raw Data'!$A$1:$A$18)))),INDEX('Raw Data'!$E:$E,(ROW(A7)-1)*6+COLUMN(A7)-SUMPRODUCT(--('Raw Data'!$A$1:$A$18=INT('Raw Data'!$A$1:$A$18)))-SUMPRODUCT(--('Raw Data'!$C$1:$C$18=INT('Raw Data'!$C$1:$C$18))))))) | B7: =IF((ROW(B7)-1)*6+COLUMN(B7)>SUMPRODUCT(--('Raw Data'!$A$1:$A$18=INT('Raw Data'!$A$1:$A$18)))+SUMPRODUCT(--('Raw Data'!$C$1:$C$18=INT('Raw Data'!$C$1:$C$18)))+SUMPRODUCT(--('Raw Data'!$E$1:$E$18=INT('Raw Data'!$E$1:$E$18))),"",IF((ROW(B7)-1)*6+COLUMN(B7)<=SUMPRODUCT(--('Raw Data'!$A$1:$A$18=INT('Raw Data'!$A$1:$A$18))),INDEX('Raw Data'!$A:$A,(ROW(B7)-1)*6+COLUMN(B7)),IF((ROW(B7)-1)*6+COLUMN(B7)<=SUMPRODUCT(--('Raw Data'!$A$1:$A$18=INT('Raw Data'!$A$1:$A$18)))+SUMPRODUCT(--('Raw Data'!$C$1:$C$18=INT('Raw Data'!$C$1:$C$18))),INDEX('Raw Data'!$C:$C,(ROW(B7)-1)*6+COLUMN(B7)-SUMPRODUCT(--('Raw Data'!$A$1:$A$18=INT('Raw Data'!$A$1:$A$18)))),INDEX('Raw Data'!$E:$E,(ROW(B7)-1)*6+COLUMN(B7)-SUMPRODUCT(--('Raw Data'!$A$1:$A$18=INT('Raw Data'!$A$1:$A$18)))-SUMPRODUCT(--('Raw Data'!$C$1:$C$18=INT('Raw Data'!$C$1:$C$18))))))) | C7: =IF((ROW(C7)-1)*6+COLUMN(C7)>SUMPRODUCT(--('Raw Data'!$A$1:$A$18=INT('Raw Data'!$A$1:$A$18)))+SUMPRODUCT(--('Raw Data'!$C$1:$C$18=INT('Raw Data'!$C$1:$C$18)))+SUMPRODUCT(--('Raw Data'!$E$1:$E$18=INT('Raw Data'!$E$1:$E$18))),"",IF((ROW(C7)-1)*6+COLUMN(C7)<=SUMPRODUCT(--('Raw Data'!$A$1:$A$18=INT('Raw Data'!$A$1:$A$18))),INDEX('Raw Data'!$A:$A,(ROW(C7)-1)*6+COLUMN(C7)),IF((ROW(C7)-1)*6+COLUMN(C7)<=SUMPRODUCT(--('Raw Data'!$A$1:$A$18=INT('Raw Data'!$A$1:$A$18)))+SUMPRODUCT(--('Raw Data'!$C$1:$C$18=INT('Raw Data'!$C$1:$C$18))),INDEX('Raw Data'!$C:$C,(ROW(C7)-1)*6+COLUMN(C7)-SUMPRODUCT(--('Raw Data'!$A$1:$A$18=INT('Raw Data'!$A$1:$A$18)))),INDEX('Raw Data'!$E:$E,(ROW(C7)-1)*6+COLUMN(C7)-SUMPRODUCT(--('Raw Data'!$A$1:$A$18=INT('Raw Data'!$A$1:$A$18)))-SUMPRODUCT(--('Raw Data'!$C$1:$C$18=INT('Raw Data'!$C$1:$C$18))))))) | D7: =IF((ROW(D7)-1)*6+COLUMN(D7)>SUMPRODUCT(--('Raw Data'!$A$1:$A$18=INT('Raw Data'!$A$1:$A$18)))+SUMPRODUCT(--('Raw Data'!$C$1:$C$18=INT('Raw Data'!$C$1:$C$18)))+SUMPRODUCT(--('Raw Data'!$E$1:$E$18=INT('Raw Data'!$E$1:$E$18))),"",IF((ROW(D7)-1)*6+COLUMN(D7)<=SUMPRODUCT(--('Raw Data'!$A$1:$A$18=INT('Raw Data'!$A$1:$A$18))),INDEX('Raw Data'!$A:$A,(ROW(D7)-1)*6+COLUMN(D7)),IF((ROW(D7)-1)*6+COLUMN(D7)<=SUMPRODUCT(--('Raw Data'!$A$1:$A$18=INT('Raw Data'!$A$1:$A$18)))+SUMPRODUCT(--('Raw Data'!$C$1:$C$18=INT('Raw Data'!$C$1:$C$18))),INDEX('Raw Data'!$C:$C,(ROW(D7)-1)*6+COLUMN(D7)-SUMPRODUCT(--('Raw Data'!$A$1:$A$18=INT('Raw Data'!$A$1:$A$18)))),INDEX('Raw Data'!$E:$E,(ROW(D7)-1)*6+COLUMN(D7)-SUMPRODUCT(--('Raw Data'!$A$1:$A$18=INT('Raw Data'!$A$1:$A$18)))-SUMPRODUCT(--('Raw Data'!$C$1:$C$18=INT('Raw Data'!$C$1:$C$18))))))) | E7: =IF((ROW(E7)-1)*6+COLUMN(E7)>SUMPRODUCT(--('Raw Data'!$A$1:$A$18=INT('Raw Data'!$A$1:$A$18)))+SUMPRODUCT(--('Raw Data'!$C$1:$C$18=INT('Raw Data'!$C$1:$C$18)))+SUMPRODUCT(--('Raw Data'!$E$1:$E$18=INT('Raw Data'!$E$1:$E$18))),"",IF((ROW(E7)-1)*6+COLUMN(E7)<=SUMPRODUCT(--('Raw Data'!$A$1:$A$18=INT('Raw Data'!$A$1:$A$18))),INDEX('Raw Data'!$A:$A,(ROW(E7)-1)*6+COLUMN(E7)),IF((ROW(E7)-1)*6+COLUMN(E7)<=SUMPRODUCT(--('Raw Data'!$A$1:$A$18=INT('Raw Data'!$A$1:$A$18)))+SUMPRODUCT(--('Raw Data'!$C$1:$C$18=INT('Raw Data'!$C$1:$C$18))),INDEX('Raw Data'!$C:$C,(ROW(E7)-1)*6+COLUMN(E7)-SUMPRODUCT(--('Raw Data'!$A$1:$A$18=INT('Raw Data'!$A$1:$A$18)))),INDEX('Raw Data'!$E:$E,(ROW(E7)-1)*6+COLUMN(E7)-SUMPRODUCT(--('Raw Data'!$A$1:$A$18=INT('Raw Data'!$A$1:$A$18)))-SUMPRODUCT(--('Raw Data'!$C$1:$C$18=INT('Raw Data'!$C$1:$C$18))))))) | F7: =IF((ROW(F7)-1)*6+COLUMN(F7)>SUMPRODUCT(--('Raw Data'!$A$1:$A$18=INT('Raw Data'!$A$1:$A$18)))+SUMPRODUCT(--('Raw Data'!$C$1:$C$18=INT('Raw Data'!$C$1:$C$18)))+SUMPRODUCT(--('Raw Data'!$E$1:$E$18=INT('Raw Data'!$E$1:$E$18))),"",IF((ROW(F7)-1)*6+COLUMN(F7)<=SUMPRODUCT(--('Raw Data'!$A$1:$A$18=INT('Raw Data'!$A$1:$A$18))),INDEX('Raw Data'!$A:$A,(ROW(F7)-1)*6+COLUMN(F7)),IF((ROW(F7)-1)*6+COLUMN(F7)<=SUMPRODUCT(--('Raw Data'!$A$1:$A$18=INT('Raw Data'!$A$1:$A$18)))+SUMPRODUCT(--('Raw Data'!$C$1:$C$18=INT('Raw Data'!$C$1:$C$18))),INDEX('Raw Data'!$C:$C,(ROW(F7)-1)*6+COLUMN(F7)-SUMPRODUCT(--('Raw Data'!$A$1:$A$18=INT('Raw Data'!$A$1:$A$18)))),INDEX('Raw Data'!$E:$E,(ROW(F7)-1)*6+COLUMN(F7)-SUMPRODUCT(--('Raw Data'!$A$1:$A$18=INT('Raw Data'!$A$1:$A$18)))-SUMPRODUCT(--('Raw Data'!$C$1:$C$18=INT('Raw Data'!$C$1:$C$18)))))))
A8: =IF((ROW(A8)-1)*6+COLUMN(A8)>SUMPRODUCT(--('Raw Data'!$A$1:$A$18=INT('Raw Data'!$A$1:$A$18)))+SUMPRODUCT(--('Raw Data'!$C$1:$C$18=INT('Raw Data'!$C$1:$C$18)))+SUMPRODUCT(--('Raw Data'!$E$1:$E$18=INT('Raw Data'!$E$1:$E$18))),"",IF((ROW(A8)-1)*6+COLUMN(A8)<=SUMPRODUCT(--('Raw Data'!$A$1:$A$18=INT('Raw Data'!$A$1:$A$18))),INDEX('Raw Data'!$A:$A,(ROW(A8)-1)*6+COLUMN(A8)),IF((ROW(A8)-1)*6+COLUMN(A8)<=SUMPRODUCT(--('Raw Data'!$A$1:$A$18=INT('Raw Data'!$A$1:$A$18)))+SUMPRODUCT(--('Raw Data'!$C$1:$C$18=INT('Raw Data'!$C$1:$C$18))),INDEX('Raw Data'!$C:$C,(ROW(A8)-1)*6+COLUMN(A8)-SUMPRODUCT(--('Raw Data'!$A$1:$A$18=INT('Raw Data'!$A$1:$A$18)))),INDEX('Raw Data'!$E:$E,(ROW(A8)-1)*6+COLUMN(A8)-SUMPRODUCT(--('Raw Data'!$A$1:$A$18=INT('Raw Data'!$A$1:$A$18)))-SUMPRODUCT(--('Raw Data'!$C$1:$C$18=INT('Raw Data'!$C$1:$C$18))))))) | B8: =IF((ROW(B8)-1)*6+COLUMN(B8)>SUMPRODUCT(--('Raw Data'!$A$1:$A$18=INT('Raw Data'!$A$1:$A$18)))+SUMPRODUCT(--('Raw Data'!$C$1:$C$18=INT('Raw Data'!$C$1:$C$18)))+SUMPRODUCT(--('Raw Data'!$E$1:$E$18=INT('Raw Data'!$E$1:$E$18))),"",IF((ROW(B8)-1)*6+COLUMN(B8)<=SUMPRODUCT(--('Raw Data'!$A$1:$A$18=INT('Raw Data'!$A$1:$A$18))),INDEX('Raw Data'!$A:$A,(ROW(B8)-1)*6+COLUMN(B8)),IF((ROW(B8)-1)*6+COLUMN(B8)<=SUMPRODUCT(--('Raw Data'!$A$1:$A$18=INT('Raw Data'!$A$1:$A$18)))+SUMPRODUCT(--('Raw Data'!$C$1:$C$18=INT('Raw Data'!$C$1:$C$18))),INDEX('Raw Data'!$C:$C,(ROW(B8)-1)*6+COLUMN(B8)-SUMPRODUCT(--('Raw Data'!$A$1:$A$18=INT('Raw Data'!$A$1:$A$18)))),INDEX('Raw Data'!$E:$E,(ROW(B8)-1)*6+COLUMN(B8)-SUMPRODUCT(--('Raw Data'!$A$1:$A$18=INT('Raw Data'!$A$1:$A$18)))-SUMPRODUCT(--('Raw Data'!$C$1:$C$18=INT('Raw Data'!$C$1:$C$18))))))) | C8: =IF((ROW(C8)-1)*6+COLUMN(C8)>SUMPRODUCT(--('Raw Data'!$A$1:$A$18=INT('Raw Data'!$A$1:$A$18)))+SUMPRODUCT(--('Raw Data'!$C$1:$C$18=INT('Raw Data'!$C$1:$C$18)))+SUMPRODUCT(--('Raw Data'!$E$1:$E$18=INT('Raw Data'!$E$1:$E$18))),"",IF((ROW(C8)-1)*6+COLUMN(C8)<=SUMPRODUCT(--('Raw Data'!$A$1:$A$18=INT('Raw Data'!$A$1:$A$18))),INDEX('Raw Data'!$A:$A,(ROW(C8)-1)*6+COLUMN(C8)),IF((ROW(C8)-1)*6+COLUMN(C8)<=SUMPRODUCT(--('Raw Data'!$A$1:$A$18=INT('Raw Data'!$A$1:$A$18)))+SUMPRODUCT(--('Raw Data'!$C$1:$C$18=INT('Raw Data'!$C$1:$C$18))),INDEX('Raw Data'!$C:$C,(ROW(C8)-1)*6+COLUMN(C8)-SUMPRODUCT(--('Raw Data'!$A$1:$A$18=INT('Raw Data'!$A$1:$A$18)))),INDEX('Raw Data'!$E:$E,(ROW(C8)-1)*6+COLUMN(C8)-SUMPRODUCT(--('Raw Data'!$A$1:$A$18=INT('Raw Data'!$A$1:$A$18)))-SUMPRODUCT(--('Raw Data'!$C$1:$C$18=INT('Raw Data'!$C$1:$C$18))))))) | D8: =IF((ROW(D8)-1)*6+COLUMN(D8)>SUMPRODUCT(--('Raw Data'!$A$1:$A$18=INT('Raw Data'!$A$1:$A$18)))+SUMPRODUCT(--('Raw Data'!$C$1:$C$18=INT('Raw Data'!$C$1:$C$18)))+SUMPRODUCT(--('Raw Data'!$E$1:$E$18=INT('Raw Data'!$E$1:$E$18))),"",IF((ROW(D8)-1)*6+COLUMN(D8)<=SUMPRODUCT(--('Raw Data'!$A$1:$A$18=INT('Raw Data'!$A$1:$A$18))),INDEX('Raw Data'!$A:$A,(ROW(D8)-1)*6+COLUMN(D8)),IF((ROW(D8)-1)*6+COLUMN(D8)<=SUMPRODUCT(--('Raw Data'!$A$1:$A$18=INT('Raw Data'!$A$1:$A$18)))+SUMPRODUCT(--('Raw Data'!$C$1:$C$18=INT('Raw Data'!$C$1:$C$18))),INDEX('Raw Data'!$C:$C,(ROW(D8)-1)*6+COLUMN(D8)-SUMPRODUCT(--('Raw Data'!$A$1:$A$18=INT('Raw Data'!$A$1:$A$18)))),INDEX('Raw Data'!$E:$E,(ROW(D8)-1)*6+COLUMN(D8)-SUMPRODUCT(--('Raw Data'!$A$1:$A$18=INT('Raw Data'!$A$1:$A$18)))-SUMPRODUCT(--('Raw Data'!$C$1:$C$18=INT('Raw Data'!$C$1:$C$18))))))) | E8: =IF((ROW(E8)-1)*6+COLUMN(E8)>SUMPRODUCT(--('Raw Data'!$A$1:$A$18=INT('Raw Data'!$A$1:$A$18)))+SUMPRODUCT(--('Raw Data'!$C$1:$C$18=INT('Raw Data'!$C$1:$C$18)))+SUMPRODUCT(--('Raw Data'!$E$1:$E$18=INT('Raw Data'!$E$1:$E$18))),"",IF((ROW(E8)-1)*6+COLUMN(E8)<=SUMPRODUCT(--('Raw Data'!$A$1:$A$18=INT('Raw Data'!$A$1:$A$18))),INDEX('Raw Data'!$A:$A,(ROW(E8)-1)*6+COLUMN(E8)),IF((ROW(E8)-1)*6+COLUMN(E8)<=SUMPRODUCT(--('Raw Data'!$A$1:$A$18=INT('Raw Data'!$A$1:$A$18)))+SUMPRODUCT(--('Raw Data'!$C$1:$C$18=INT('Raw Data'!$C$1:$C$18))),INDEX('Raw Data'!$C:$C,(ROW(E8)-1)*6+COLUMN(E8)-SUMPRODUCT(--('Raw Data'!$A$1:$A$18=INT('Raw Data'!$A$1:$A$18)))),INDEX('Raw Data'!$E:$E,(ROW(E8)-1)*6+COLUMN(E8)-SUMPRODUCT(--('Raw Data'!$A$1:$A$18=INT('Raw Data'!$A$1:$A$18)))-SUMPRODUCT(--('Raw Data'!$C$1:$C$18=INT('Raw Data'!$C$1:$C$18))))))) | F8: =IF((ROW(F8)-1)*6+COLUMN(F8)>SUMPRODUCT(--('Raw Data'!$A$1:$A$18=INT('Raw Data'!$A$1:$A$18)))+SUMPRODUCT(--('Raw Data'!$C$1:$C$18=INT('Raw Data'!$C$1:$C$18)))+SUMPRODUCT(--('Raw Data'!$E$1:$E$18=INT('Raw Data'!$E$1:$E$18))),"",IF((ROW(F8)-1)*6+COLUMN(F8)<=SUMPRODUCT(--('Raw Data'!$A$1:$A$18=INT('Raw Data'!$A$1:$A$18))),INDEX('Raw Data'!$A:$A,(ROW(F8)-1)*6+COLUMN(F8)),IF((ROW(F8)-1)*6+COLUMN(F8)<=SUMPRODUCT(--('Raw Data'!$A$1:$A$18=INT('Raw Data'!$A$1:$A$18)))+SUMPRODUCT(--('Raw Data'!$C$1:$C$18=INT('Raw Data'!$C$1:$C$18))),INDEX('Raw Data'!$C:$C,(ROW(F8)-1)*6+COLUMN(F8)-SUMPRODUCT(--('Raw Data'!$A$1:$A$18=INT('Raw Data'!$A$1:$A$18)))),INDEX('Raw Data'!$E:$E,(ROW(F8)-1)*6+COLUMN(F8)-SUMPRODUCT(--('Raw Data'!$A$1:$A$18=INT('Raw Data'!$A$1:$A$18)))-SUMPRODUCT(--('Raw Data'!$C$1:$C$18=INT('Raw Data'!$C$1:$C$18)))))))
A9: =IF((ROW(A9)-1)*6+COLUMN(A9)>SUMPRODUCT(--('Raw Data'!$A$1:$A$18=INT('Raw Data'!$A$1:$A$18)))+SUMPRODUCT(--('Raw Data'!$C$1:$C$18=INT('Raw Data'!$C$1:$C$18)))+SUMPRODUCT(--('Raw Data'!$E$1:$E$18=INT('Raw Data'!$E$1:$E$18))),"",IF((ROW(A9)-1)*6+COLUMN(A9)<=SUMPRODUCT(--('Raw Data'!$A$1:$A$18=INT('Raw Data'!$A$1:$A$18))),INDEX('Raw Data'!$A:$A,(ROW(A9)-1)*6+COLUMN(A9)),IF((ROW(A9)-1)*6+COLUMN(A9)<=SUMPRODUCT(--('Raw Data'!$A$1:$A$18=INT('Raw Data'!$A$1:$A$18)))+SUMPRODUCT(--('Raw Data'!$C$1:$C$18=INT('Raw Data'!$C$1:$C$18))),INDEX('Raw Data'!$C:$C,(ROW(A9)-1)*6+COLUMN(A9)-SUMPRODUCT(--('Raw Data'!$A$1:$A$18=INT('Raw Data'!$A$1:$A$18)))),INDEX('Raw Data'!$E:$E,(ROW(A9)-1)*6+COLUMN(A9)-SUMPRODUCT(--('Raw Data'!$A$1:$A$18=INT('Raw Data'!$A$1:$A$18)))-SUMPRODUCT(--('Raw Data'!$C$1:$C$18=INT('Raw Data'!$C$1:$C$18))))))) | B9: =IF((ROW(B9)-1)*6+COLUMN(B9)>SUMPRODUCT(--('Raw Data'!$A$1:$A$18=INT('Raw Data'!$A$1:$A$18)))+SUMPRODUCT(--('Raw Data'!$C$1:$C$18=INT('Raw Data'!$C$1:$C$18)))+SUMPRODUCT(--('Raw Data'!$E$1:$E$18=INT('Raw Data'!$E$1:$E$18))),"",IF((ROW(B9)-1)*6+COLUMN(B9)<=SUMPRODUCT(--('Raw Data'!$A$1:$A$18=INT('Raw Data'!$A$1:$A$18))),INDEX('Raw Data'!$A:$A,(ROW(B9)-1)*6+COLUMN(B9)),IF((ROW(B9)-1)*6+COLUMN(B9)<=SUMPRODUCT(--('Raw Data'!$A$1:$A$18=INT('Raw Data'!$A$1:$A$18)))+SUMPRODUCT(--('Raw Data'!$C$1:$C$18=INT('Raw Data'!$C$1:$C$18))),INDEX('Raw Data'!$C:$C,(ROW(B9)-1)*6+COLUMN(B9)-SUMPRODUCT(--('Raw Data'!$A$1:$A$18=INT('Raw Data'!$A$1:$A$18)))),INDEX('Raw Data'!$E:$E,(ROW(B9)-1)*6+COLUMN(B9)-SUMPRODUCT(--('Raw Data'!$A$1:$A$18=INT('Raw Data'!$A$1:$A$18)))-SUMPRODUCT(--('Raw Data'!$C$1:$C$18=INT('Raw Data'!$C$1:$C$18))))))) | C9: =IF((ROW(C9)-1)*6+COLUMN(C9)>SUMPRODUCT(--('Raw Data'!$A$1:$A$18=INT('Raw Data'!$A$1:$A$18)))+SUMPRODUCT(--('Raw Data'!$C$1:$C$18=INT('Raw Data'!$C$1:$C$18)))+SUMPRODUCT(--('Raw Data'!$E$1:$E$18=INT('Raw Data'!$E$1:$E$18))),"",IF((ROW(C9)-1)*6+COLUMN(C9)<=SUMPRODUCT(--('Raw Data'!$A$1:$A$18=INT('Raw Data'!$A$1:$A$18))),INDEX('Raw Data'!$A:$A,(ROW(C9)-1)*6+COLUMN(C9)),IF((ROW(C9)-1)*6+COLUMN(C9)<=SUMPRODUCT(--('Raw Data'!$A$1:$A$18=INT('Raw Data'!$A$1:$A$18)))+SUMPRODUCT(--('Raw Data'!$C$1:$C$18=INT('Raw Data'!$C$1:$C$18))),INDEX('Raw Data'!$C:$C,(ROW(C9)-1)*6+COLUMN(C9)-SUMPRODUCT(--('Raw Data'!$A$1:$A$18=INT('Raw Data'!$A$1:$A$18)))),INDEX('Raw Data'!$E:$E,(ROW(C9)-1)*6+COLUMN(C9)-SUMPRODUCT(--('Raw Data'!$A$1:$A$18=INT('Raw Data'!$A$1:$A$18)))-SUMPRODUCT(--('Raw Data'!$C$1:$C$18=INT('Raw Data'!$C$1:$C$18))))))) | D9: =IF((ROW(D9)-1)*6+COLUMN(D9)>SUMPRODUCT(--('Raw Data'!$A$1:$A$18=INT('Raw Data'!$A$1:$A$18)))+SUMPRODUCT(--('Raw Data'!$C$1:$C$18=INT('Raw Data'!$C$1:$C$18)))+SUMPRODUCT(--('Raw Data'!$E$1:$E$18=INT('Raw Data'!$E$1:$E$18))),"",IF((ROW(D9)-1)*6+COLUMN(D9)<=SUMPRODUCT(--('Raw Data'!$A$1:$A$18=INT('Raw Data'!$A$1:$A$18))),INDEX('Raw Data'!$A:$A,(ROW(D9)-1)*6+COLUMN(D9)),IF((ROW(D9)-1)*6+COLUMN(D9)<=SUMPRODUCT(--('Raw Data'!$A$1:$A$18=INT('Raw Data'!$A$1:$A$18)))+SUMPRODUCT(--('Raw Data'!$C$1:$C$18=INT('Raw Data'!$C$1:$C$18))),INDEX('Raw Data'!$C:$C,(ROW(D9)-1)*6+COLUMN(D9)-SUMPRODUCT(--('Raw Data'!$A$1:$A$18=INT('Raw Data'!$A$1:$A$18)))),INDEX('Raw Data'!$E:$E,(ROW(D9)-1)*6+COLUMN(D9)-SUMPRODUCT(--('Raw Data'!$A$1:$A$18=INT('Raw Data'!$A$1:$A$18)))-SUMPRODUCT(--('Raw Data'!$C$1:$C$18=INT('Raw Data'!$C$1:$C$18)))))))

Sheet Manual Result
A1: 12 | B1: 41 | C1: 22 | D1: 8 | E1: 7 | F1: 50
A2: 38 | B2: 20 | C2: 6 | D2: 39 | E2: 43 | F2: 45
A3: 26 | B3: 25 | C3: 32 | D3: 13 | E3: 31 | F3: 34 | AU3: 34 | AV3: 34
A4: 19 | B4: 52 | C4: 30 | D4: 42 | E4: 10 | F4: 23 | AU4: 10 | AV4: 10 | AW4: 23 | AX4: 23 | AY4: 23 | AZ4: 23 | BA4: 23 | BB4: 23
A5: 37 | B5: 36 | C5: 2 | D5: 11 | E5: 1 | F5: 5 | AU5: 11 | AV5: 11 | AW5: 1 | AX5: 1 | AY5: 1 | AZ5: 1 | BA5: 1 | BB5: 1 | BC5: 5 | BD5: 5 | BE5: 5 | BF5: 5 | BG5: 5 | BH5: 5
A6: 29 | B6: 3 | C6: 9 | D6: 15 | E6: 28 | F6: 18 | AU6: 9 | AV6: 9 | AW6: 15 | AX6: 15 | AY6: 15 | AZ6: 15 | BA6: 15 | BB6: 15 | BC6: 28 | BD6: 28 | BE6: 28 | BF6: 28 | BG6: 28 | BH6: 28 | BI6: 18 | BJ6: 18 | BK6: 18 | BL6: 18 | BM6: 18 | BN6: 18
A7: 48 | B7: 49 | C7: 40 | D7: 17 | E7: 21 | F7: 46 | AU7: 49 | AV7: 49 | AW7: 40 | AX7: 40 | AY7: 40 | AZ7: 40 | BA7: 40 | BB7: 40 | BC7: 17 | BD7: 17 | BE7: 17 | BF7: 17 | BG7: 17 | BH7: 17 | BI7: 21 | BJ7: 21 | BK7: 21 | BL7: 21 | BM7: 21 | BN7: 21 | BO7: 46 | BP7: 46 | BQ7: 46 | BR7: 46 | BS7: 46 | BT7: 46
A8: 4 | B8: 35 | C8: 44 | D8: 47 | E8: 33 | F8: 51 | AU8: 4 | AV8: 4 | AW8: 35 | AX8: 35 | AY8: 35 | AZ8: 35 | BA8: 35 | BB8: 35 | BC8: 44 | BD8: 44 | BE8: 44 | BF8: 44 | BG8: 44 | BH8: 44 | BI8: 47 | BJ8: 47 | BK8: 47 | BL8: 47 | BM8: 47 | BN8: 47 | BO8: 33 | BP8: 33 | BQ8: 33 | BR8: 33 | BS8: 33 | BT8: 33 | BU8: 51 | BV8: 51 | BW8: 51 | BX8: 51 | BY8: 51 | BZ8: 51
A9: 27 | B9: 14 | C9: 16 | D9: 24 | AW9: 27 | AX9: 27 | AY9: 27 | AZ9: 27 | BA9: 27 | BB9: 27 | BC9: 14 | BD9: 14 | BE9: 14 | BF9: 14 | BG9: 14 | BH9: 14 | BI9: 16 | BJ9: 16 | BK9: 16 | BL9: 16 | BM9: 16 | BN9: 16 | BO9: 24 | BP9: 24 | BQ9: 24 | BR9: 24 | BS9: 24 | BT9: 24
