Workbook

Sheet Sheet1
A1: ID | B1: Date | C1: Mon | D1: Meet | E1: Year | F1: Day | G1: Race# | H1: Top | I1: Rank | J1: Tab
A2: 1 | B2: 44841 | C2: Oct | D2: PORT MACQUARIE | E2: 2022 | F2: Fri | G2: 1 | H2: =INDEX(Sheet2!$I$2:$I$173,SUMPRODUCT((Sheet2!$D$2:$D$173=$D2)*(Sheet2!$H$2:$H$173=$G2)*(Sheet2!$B$2:$B$173=$B2)*ROW(Sheet2!$D$2:$D$173))-1) | I2: =SUMPRODUCT((Sheet2!$D$2:$D$173=$D2)*(Sheet2!$H$2:$H$173=$G2)*(Sheet2!$B$2:$B$173=$B2)*((Sheet2!$J$2:$J$173=$J2)*1+(Sheet2!$K$2:$K$173=$J2)*2+(Sheet2!$L$2:$L$173=$J2)*3+(Sheet2!$M$2:$M$173=$J2)*4)) | J2: 7
A3: 2 | B3: 44841 | C3: Oct | D3: PORT MACQUARIE | E3: 2022 | F3: Fri | G3: 1 | H3: =INDEX(Sheet2!$I$2:$I$173,SUMPRODUCT((Sheet2!$D$2:$D$173=$D3)*(Sheet2!$H$2:$H$173=$G3)*(Sheet2!$B$2:$B$173=$B3)*ROW(Sheet2!$D$2:$D$173))-1) | I3: =SUMPRODUCT((Sheet2!$D$2:$D$173=$D3)*(Sheet2!$H$2:$H$173=$G3)*(Sheet2!$B$2:$B$173=$B3)*((Sheet2!$J$2:$J$173=$J3)*1+(Sheet2!$K$2:$K$173=$J3)*2+(Sheet2!$L$2:$L$173=$J3)*3+(Sheet2!$M$2:$M$173=$J3)*4)) | J3: 14
A4: 3 | B4: 44841 | C4: Oct | D4: PORT MACQUARIE | E4: 2022 | F4: Fri | G4: 1 | H4: =INDEX(Sheet2!$I$2:$I$173,SUMPRODUCT((Sheet2!$D$2:$D$173=$D4)*(Sheet2!$H$2:$H$173=$G4)*(Sheet2!$B$2:$B$173=$B4)*ROW(Sheet2!$D$2:$D$173))-1) | I4: =SUMPRODUCT((Sheet2!$D$2:$D$173=$D4)*(Sheet2!$H$2:$H$173=$G4)*(Sheet2!$B$2:$B$173=$B4)*((Sheet2!$J$2:$J$173=$J4)*1+(Sheet2!$K$2:$K$173=$J4)*2+(Sheet2!$L$2:$L$173=$J4)*3+(Sheet2!$M$2:$M$173=$J4)*4)) | J4: 12
A5: 4 | B5: 44841 | C5: Oct | D5: PORT MACQUARIE | E5: 2022 | F5: Fri | G5: 1 | H5: =INDEX(Sheet2!$I$2:$I$173,SUMPRODUCT((Sheet2!$D$2:$D$173=$D5)*(Sheet2!$H$2:$H$173=$G5)*(Sheet2!$B$2:$B$173=$B5)*ROW(Sheet2!$D$2:$D$173))-1) | I5: =SUMPRODUCT((Sheet2!$D$2:$D$173=$D5)*(Sheet2!$H$2:$H$173=$G5)*(Sheet2!$B$2:$B$173=$B5)*((Sheet2!$J$2:$J$173=$J5)*1+(Sheet2!$K$2:$K$173=$J5)*2+(Sheet2!$L$2:$L$173=$J5)*3+(Sheet2!$M$2:$M$173=$J5)*4)) | J5: 4
A6: 5 | B6: 44841 | C6: Oct | D6: PORT MACQUARIE | E6: 2022 | F6: Fri | G6: 1 | H6: =INDEX(Sheet2!$I$2:$I$173,SUMPRODUCT((Sheet2!$D$2:$D$173=$D6)*(Sheet2!$H$2:$H$173=$G6)*(Sheet2!$B$2:$B$173=$B6)*ROW(Sheet2!$D$2:$D$173))-1) | I6: =SUMPRODUCT((Sheet2!$D$2:$D$173=$D6)*(Sheet2!$H$2:$H$173=$G6)*(Sheet2!$B$2:$B$173=$B6)*((Sheet2!$J$2:$J$173=$J6)*1+(Sheet2!$K$2:$K$173=$J6)*2+(Sheet2!$L$2:$L$173=$J6)*3+(Sheet2!$M$2:$M$173=$J6)*4)) | J6: 2
A7: 6 | B7: 44841 | C7: Oct | D7: PORT MACQUARIE | E7: 2022 | F7: Fri | G7: 1 | H7: =INDEX(Sheet2!$I$2:$I$173,SUMPRODUCT((Sheet2!$D$2:$D$173=$D7)*(Sheet2!$H$2:$H$173=$G7)*(Sheet2!$B$2:$B$173=$B7)*ROW(Sheet2!$D$2:$D$173))-1) | I7: =SUMPRODUCT((Sheet2!$D$2:$D$173=$D7)*(Sheet2!$H$2:$H$173=$G7)*(Sheet2!$B$2:$B$173=$B7)*((Sheet2!$J$2:$J$173=$J7)*1+(Sheet2!$K$2:$K$173=$J7)*2+(Sheet2!$L$2:$L$173=$J7)*3+(Sheet2!$M$2:$M$173=$J7)*4)) | J7: 6
A8: 7 | B8: 44841 | C8: Oct | D8: PORT MACQUARIE | E8: 2022 | F8: Fri | G8: 1 | H8: =INDEX(Sheet2!$I$2:$I$173,SUMPRODUCT((Sheet2!$D$2:$D$173=$D8)*(Sheet2!$H$2:$H$173=$G8)*(Sheet2!$B$2:$B$173=$B8)*ROW(Sheet2!$D$2:$D$173))-1) | I8: =SUMPRODUCT((Sheet2!$D$2:$D$173=$D8)*(Sheet2!$H$2:$H$173=$G8)*(Sheet2!$B$2:$B$173=$B8)*((Sheet2!$J$2:$J$173=$J8)*1+(Sheet2!$K$2:$K$173=$J8)*2+(Sheet2!$L$2:$L$173=$J8)*3+(Sheet2!$M$2:$M$173=$J8)*4)) | J8: 1
A9: 8 | B9: 44841 | C9: Oct | D9: PORT MACQUARIE | E9: 2022 | F9: Fri | G9: 1 | H9: =INDEX(Sheet2!$I$2:$I$173,SUMPRODUCT((Sheet2!$D$2:$D$173=$D9)*(Sheet2!$H$2:$H$173=$G9)*(Sheet2!$B$2:$B$173=$B9)*ROW(Sheet2!$D$2:$D$173))-1) | I9: =SUMPRODUCT((Sheet2!$D$2:$D$173=$D9)*(Sheet2!$H$2:$H$173=$G9)*(Sheet2!$B$2:$B$173=$B9)*((Sheet2!$J$2:$J$173=$J9)*1+(Sheet2!$K$2:$K$173=$J9)*2+(Sheet2!$L$2:$L$173=$J9)*3+(Sheet2!$M$2:$M$173=$J9)*4)) | J9: 15
A10: 9 | B10: 44841 | C10: Oct | D10: PORT MACQUARIE | E10: 2022 | F10: Fri | G10: 1 | H10: =INDEX(Sheet2!$I$2:$I$173,SUMPRODUCT((Sheet2!$D$2:$D$173=$D10)*(Sheet2!$H$2:$H$173=$G10)*(Sheet2!$B$2:$B$173=$B10)*ROW(Sheet2!$D$2:$D$173))-1) | I10: =SUMPRODUCT((Sheet2!$D$2:$D$173=$D10)*(Sheet2!$H$2:$H$173=$G10)*(Sheet2!$B$2:$B$173=$B10)*((Sheet2!$J$2:$J$173=$J10)*1+(Sheet2!$K$2:$K$173=$J10)*2+(Sheet2!$L$2:$L$173=$J10)*3+(Sheet2!$M$2:$M$173=$J10)*4)) | J10: 17
A11: 10 | B11: 44841 | C11: Oct | D11: PORT MACQUARIE | E11: 2022 | F11: Fri | G11: 1 | H11: =INDEX(Sheet2!$I$2:$I$173,SUMPRODUCT((Sheet2!$D$2:$D$173=$D11)*(Sheet2!$H$2:$H$173=$G11)*(Sheet2!$B$2:$B$173=$B11)*ROW(Sheet2!$D$2:$D$173))-1) | I11: =SUMPRODUCT((Sheet2!$D$2:$D$173=$D11)*(Sheet2!$H$2:$H$173=$G11)*(Sheet2!$B$2:$B$173=$B11)*((Sheet2!$J$2:$J$173=$J11)*1+(Sheet2!$K$2:$K$173=$J11)*2+(Sheet2!$L$2:$L$173=$J11)*3+(Sheet2!$M$2:$M$173=$J11)*4)) | J11: 16
A12: 11 | B12: 44841 | C12: Oct | D12: PORT MACQUARIE | E12: 2022 | F12: Fri | G12: 1 | H12: =INDEX(Sheet2!$I$2:$I$173,SUMPRODUCT((Sheet2!$D$2:$D$173=$D12)*(Sheet2!$H$2:$H$173=$G12)*(Sheet2!$B$2:$B$173=$B12)*ROW(Sheet2!$D$2:$D$173))-1) | I12: =SUMPRODUCT((Sheet2!$D$2:$D$173=$D12)*(Sheet2!$H$2:$H$173=$G12)*(Sheet2!$B$2:$B$173=$B12)*((Sheet2!$J$2:$J$173=$J12)*1+(Sheet2!$K$2:$K$173=$J12)*2+(Sheet2!$L$2:$L$173=$J12)*3+(Sheet2!$M$2:$M$173=$J12)*4)) | J12: 3
A13: 12 | B13: 44841 | C13: Oct | D13: PORT MACQUARIE | E13: 2022 | F13: Fri | G13: 1 | H13: =INDEX(Sheet2!$I$2:$I$173,SUMPRODUCT((Sheet2!$D$2:$D$173=$D13)*(Sheet2!$H$2:$H$173=$G13)*(Sheet2!$B$2:$B$173=$B13)*ROW(Sheet2!$D$2:$D$173))-1) | I13: =SUMPRODUCT((Sheet2!$D$2:$D$173=$D13)*(Sheet2!$H$2:$H$173=$G13)*(Sheet2!$B$2:$B$173=$B13)*((Sheet2!$J$2:$J$173=$J13)*1+(Sheet2!$K$2:$K$173=$J13)*2+(Sheet2!$L$2:$L$173=$J13)*3+(Sheet2!$M$2:$M$173=$J13)*4)) | J13: 18
... A370: 369 | B370: 44841 | C370: Oct | D370: BALLARAT | E370: 2022 | F370: Fri | G370: 8 | H370: =INDEX(Sheet2!$I$2:$I$173,SUMPRODUCT((Sheet2!$D$2:$D$173=$D370)*(Sheet2!$H$2:$H$173=$G370)*(Sheet2!$B$2:$B$173=$B370)*ROW(Sheet2!$D$2:$D$173))-1) | I370: =SUMPRODUCT((Sheet2!$D$2:$D$173=$D370)*(Sheet2!$H$2:$H$173=$G370)*(Sheet2!$B$2:$B$173=$B370)*((Sheet2!$J$2:$J$173=$J370)*1+(Sheet2!$K$2:$K$173=$J370)*2+(Sheet2!$L$2:$L$173=$J370)*3+(Sheet2!$M$2:$M$173=$J370)*4)) | J370: 2
A371: 370 | B371: 44841 | C371: Oct | D371: BALLARAT | E371: 2022 | F371: Fri | G371: 8 | J371: 3
A372: 371 | B372: 44841 | C372: Oct | D372: BALLARAT | E372: 2022 | F372: Fri | G372: 8 | J372: 15

Sheet Sheet2
A1: ID | B1: Date | C1: Mon | D1: Track | E1: Year | F1: Day | G1: x1 | H1: Race# | I1: Top | J1: 1 | K1: 2 | L1: 3 | M1: 4
A2: 1 | B2: 44841 | C2: Oct | D2: PORT MACQUARIE | E2: 2022 | F2: Fri | G2: Race | H2: 1 | I2: (P) | J2: 1 | K2: 14 | L2: 4 | M2: 12
A3: 2 | B3: 44841 | C3: Oct | D3: PORT MACQUARIE | E3: 2022 | F3: Fri | G3: Race | H3: 2 | I3: (O) | J3: 4 | K3: 3 | L3: 6 | M3: 8
A4: 3 | B4: 44841 | C4: Oct | D4: PORT MACQUARIE | E4: 2022 | F4: Fri | G4: Race | H4: 3 | I4: (*) | J4: 3 | K4: 2 | L4: 10 | M4: 7
A5: 4 | B5: 44841 | C5: Oct | D5: PORT MACQUARIE | E5: 2022 | F5: Fri | G5: Race | H5: 4 | I5: (*) | J5: 9 | K5: 1 | L5: 4 | M5: 10
A6: 5 | B6: 44841 | C6: Oct | D6: PORT MACQUARIE | E6: 2022 | F6: Fri | G6: Race | H6: 5 | I6: (O) | J6: 1 | K6: 4 | L6: 12 | M6: 5
A7: 6 | B7: 44841 | C7: Oct | D7: PORT MACQUARIE | E7: 2022 | F7: Fri | G7: Race | H7: 6 | I7: (O) | J7: 4 | K7: 1 | L7: 2 | M7: 5
A8: 7 | B8: 44841 | C8: Oct | D8: PORT MACQUARIE | E8: 2022 | F8: Fri | G8: Race | H8: 7 | I8: (*) | J8: 3 | K8: 5 | L8: 2 | M8: 6
A9: 8 | B9: 44841 | C9: Oct | D9: PORT MACQUARIE | E9: 2022 | F9: Fri | G9: Race | H9: 8 | I9: (O) | J9: 8 | K9: 9 | L9: 10 | M9: 5
A10: 9 | B10: 44841 | C10: Oct | D10: CRANBOURNE | E10: 2022 | F10: Fri | G10: Race | H10: 1 | I10: (P) | J10: 11 | K10: 9 | L10: 3 | M10: 1
A11: 10 | B11: 44841 | C11: Oct | D11: CRANBOURNE | E11: 2022 | F11: Fri | G11: Race | H11: 2 | I11: (P) | J11: 11 | K11: 8 | L11: 1 | M11: 3
A12: 11 | B12: 44841 | C12: Oct | D12: CRANBOURNE | E12: 2022 | F12: Fri | G12: Race | H12: 3 | I12: (O) | J12: 2 | K12: 6 | L12: 3 | M12: 10
A13: 12 | B13: 44841 | C13: Oct | D13: CRANBOURNE | E13: 2022 | F13: Fri | G13: Race | H13: 4 | I13: (P) | J13: 12 | K13: 2 | L13: 14 | M13: 3
... A41: 40 | B41: 44841 | C41: Oct | D41: BALLARAT | E41: 2022 | F41: Fri | G41: Race | H41: 3 | I41: (O) | J41: 6 | K41: 9 | L41: 1 | M41: 11
A42: 41 | B42: 44841 | C42: Oct | D42: BALLARAT | E42: 2022 | F42: Fri | G42: Race | H42: 4 | I42: (P) | J42: 9 | K42: 13 | L42: 1
A43: 42 | B43: 44841 | C43: Oct | D43: BALLARAT | E43: 2022 | F43: Fri | G43: Race | H43: 5 | I43: (P) | J43: 7 | K43: 3 | L43: 8 | M43: 6
A44: 43 | B44: 44841 | C44: Oct | D44: BALLARAT | E44: 2022 | F44: Fri | G44: Race | H44: 6 | I44: (P) | J44: 2 | K44: 5 | L44: 8 | M44: 4
A45: 44 | B45: 44841 | C45: Oct | D45: BALLARAT | E45: 2022 | F45: Fri | G45: Race | H45: 7 | I45: (P) | J45: 3 | K45: 5 | L45: 2 | M45: 10
A46: 45 | B46: 44841 | C46: Oct | D46: BALLARAT | E46: 2022 | F46: Fri | G46: Race | H46: 8 | I46: (P) | J46: 2 | K46: 10 | L46: 1 | M46: 5
A47: 46 | B47: 44842 | C47: Oct | D47: RANDWICK | E47: 2022 | F47: Sat | G47: Race | H47: 1 | I47: (O) | J47: 7 | K47: 2 | L47: 13 | M47: 17
A48: 47 | B48: 44842 | C48: Oct | D48: RANDWICK | E48: 2022 | F48: Sat | G48: Race | H48: 2 | I48: (*) | J48: 12 | K48: 1 | L48: 6 | M48: 9
A49: 48 | B49: 44842 | C49: Oct | D49: RANDWICK | E49: 2022 | F49: Sat | G49: Race | H49: 3 | I49: (P) | J49: 10 | K49: 9 | L49: 11 | M49: 12
A50: 49 | B50: 44842 | C50: Oct | D50: RANDWICK | E50: 2022 | F50: Sat | G50: Race | H50: 4 | I50: (*) | J50: 1 | K50: 9 | L50: 4 | M50: 2
A51: 50 | B51: 44842 | C51: Oct | D51: RANDWICK | E51: 2022 | F51: Sat | G51: Race | H51: 5 | I51: (O) | J51: 2 | K51: 7 | L51: 9 | M51: 6
A52: 51 | B52: 44842 | C52: Oct | D52: RANDWICK | E52: 2022 | F52: Sat | G52: Race | H52: 6 | I52: (P) | J52: 11 | K52: 6 | L52: 4 | M52: 12
A53: 52 | B53: 44842 | C53: Oct | D53: CAULFIELD | E53: 2022 | F53: Sat | G53: Race | H53: 1 | I53: (P) | J53: 3 | K53: 2 | L53: 5 | M53: 7
A54: 53 | B54: 44842 | C54: Oct | D54: CAULFIELD | E54: 2022 | F54: Sat | G54: Race | H54: 2 | I54: (*) | J54: 2 | K54: 7 | L54: 12 | M54: 4
... A173: 172 | B173: 44843 | C173: Oct | D173: GERALDTON | E173: 2022 | F173: Sun | G173: Race | H173: 7 | I173: (O) | J173: 1 | K173: 3 | L173: 2 | M173: 7
