Workbook

Sheet problem
A1: A | B1: 100 200 300 400 500 600 700 800
A2: B | B2: 300 400 500 600
A3: C | B3: 710 730 740
A4: D | B4: 250
A5: E
A6: F | B6: 231 232
A7: G | B7: 233 234
A8: H | B8: 511 520 611 620
A9: I | B9: 334 344
A10: J | B10: 321

Sheet result
A1: =INDEX(problem!$A$1:$A$10,1+(8<ROW())+(12<ROW())+(15<ROW())+(16<ROW())+(17<ROW())+(19<ROW())+(21<ROW())+(25<ROW())+(27<ROW())+(28<ROW())) | B1: =IF(INDEX(problem!$B$1:$B$10,1+(8<ROW())+(12<ROW())+(15<ROW())+(16<ROW())+(17<ROW())+(19<ROW())+(21<ROW())+(25<ROW())+(27<ROW())+(28<ROW()))="","",INDEX(SPLIT(INDEX(problem!$B$1:$B$10,1+(8<ROW())+(12<ROW())+(15<ROW())+(16<ROW())+(17<ROW())+(19<ROW())+(21<ROW())+(25<ROW())+(27<ROW())+(28<ROW())),CHAR(10)),ROW()-MAX(IF(8<ROW(),8),IF(12<ROW(),12),IF(15<ROW(),15),IF(16<ROW(),16),IF(17<ROW(),17),IF(19<ROW(),19),IF(21<ROW(),21),IF(25<ROW(),25),IF(27<ROW(),27),IF(28<ROW(),28))))
A2: =INDEX(problem!$A$1:$A$10,1+(8<ROW())+(12<ROW())+(15<ROW())+(16<ROW())+(17<ROW())+(19<ROW())+(21<ROW())+(25<ROW())+(27<ROW())+(28<ROW())) | B2: =IF(INDEX(problem!$B$1:$B$10,1+(8<ROW())+(12<ROW())+(15<ROW())+(16<ROW())+(17<ROW())+(19<ROW())+(21<ROW())+(25<ROW())+(27<ROW())+(28<ROW()))="","",INDEX(SPLIT(INDEX(problem!$B$1:$B$10,1+(8<ROW())+(12<ROW())+(15<ROW())+(16<ROW())+(17<ROW())+(19<ROW())+(21<ROW())+(25<ROW())+(27<ROW())+(28<ROW())),CHAR(10)),ROW()-MAX(IF(8<ROW(),8),IF(12<ROW(),12),IF(15<ROW(),15),IF(16<ROW(),16),IF(17<ROW(),17),IF(19<ROW(),19),IF(21<ROW(),21),IF(25<ROW(),25),IF(27<ROW(),27),IF(28<ROW(),28))))
A3: =INDEX(problem!$A$1:$A$10,1+(8<ROW())+(12<ROW())+(15<ROW())+(16<ROW())+(17<ROW())+(19<ROW())+(21<ROW())+(25<ROW())+(27<ROW())+(28<ROW())) | B3: =IF(INDEX(problem!$B$1:$B$10,1+(8<ROW())+(12<ROW())+(15<ROW())+(16<ROW())+(17<ROW())+(19<ROW())+(21<ROW())+(25<ROW())+(27<ROW())+(28<ROW()))="","",INDEX(SPLIT(INDEX(problem!$B$1:$B$10,1+(8<ROW())+(12<ROW())+(15<ROW())+(16<ROW())+(17<ROW())+(19<ROW())+(21<ROW())+(25<ROW())+(27<ROW())+(28<ROW())),CHAR(10)),ROW()-MAX(IF(8<ROW(),8),IF(12<ROW(),12),IF(15<ROW(),15),IF(16<ROW(),16),IF(17<ROW(),17),IF(19<ROW(),19),IF(21<ROW(),21),IF(25<ROW(),25),IF(27<ROW(),27),IF(28<ROW(),28))))
A4: =INDEX(problem!$A$1:$A$10,1+(8<ROW())+(12<ROW())+(15<ROW())+(16<ROW())+(17<ROW())+(19<ROW())+(21<ROW())+(25<ROW())+(27<ROW())+(28<ROW())) | B4: =IF(INDEX(problem!$B$1:$B$10,1+(8<ROW())+(12<ROW())+(15<ROW())+(16<ROW())+(17<ROW())+(19<ROW())+(21<ROW())+(25<ROW())+(27<ROW())+(28<ROW()))="","",INDEX(SPLIT(INDEX(problem!$B$1:$B$10,1+(8<ROW())+(12<ROW())+(15<ROW())+(16<ROW())+(17<ROW())+(19<ROW())+(21<ROW())+(25<ROW())+(27<ROW())+(28<ROW())),CHAR(10)),ROW()-MAX(IF(8<ROW(),8),IF(12<ROW(),12),IF(15<ROW(),15),IF(16<ROW(),16),IF(17<ROW(),17),IF(19<ROW(),19),IF(21<ROW(),21),IF(25<ROW(),25),IF(27<ROW(),27),IF(28<ROW(),28))))
A5: =INDEX(problem!$A$1:$A$10,1+(8<ROW())+(12<ROW())+(15<ROW())+(16<ROW())+(17<ROW())+(19<ROW())+(21<ROW())+(25<ROW())+(27<ROW())+(28<ROW())) | B5: =IF(INDEX(problem!$B$1:$B$10,1+(8<ROW())+(12<ROW())+(15<ROW())+(16<ROW())+(17<ROW())+(19<ROW())+(21<ROW())+(25<ROW())+(27<ROW())+(28<ROW()))="","",INDEX(SPLIT(INDEX(problem!$B$1:$B$10,1+(8<ROW())+(12<ROW())+(15<ROW())+(16<ROW())+(17<ROW())+(19<ROW())+(21<ROW())+(25<ROW())+(27<ROW())+(28<ROW())),CHAR(10)),ROW()-MAX(IF(8<ROW(),8),IF(12<ROW(),12),IF(15<ROW(),15),IF(16<ROW(),16),IF(17<ROW(),17),IF(19<ROW(),19),IF(21<ROW(),21),IF(25<ROW(),25),IF(27<ROW(),27),IF(28<ROW(),28))))
A6: =INDEX(problem!$A$1:$A$10,1+(8<ROW())+(12<ROW())+(15<ROW())+(16<ROW())+(17<ROW())+(19<ROW())+(21<ROW())+(25<ROW())+(27<ROW())+(28<ROW())) | B6: =IF(INDEX(problem!$B$1:$B$10,1+(8<ROW())+(12<ROW())+(15<ROW())+(16<ROW())+(17<ROW())+(19<ROW())+(21<ROW())+(25<ROW())+(27<ROW())+(28<ROW()))="","",INDEX(SPLIT(INDEX(problem!$B$1:$B$10,1+(8<ROW())+(12<ROW())+(15<ROW())+(16<ROW())+(17<ROW())+(19<ROW())+(21<ROW())+(25<ROW())+(27<ROW())+(28<ROW())),CHAR(10)),ROW()-MAX(IF(8<ROW(),8),IF(12<ROW(),12),IF(15<ROW(),15),IF(16<ROW(),16),IF(17<ROW(),17),IF(19<ROW(),19),IF(21<ROW(),21),IF(25<ROW(),25),IF(27<ROW(),27),IF(28<ROW(),28))))
A7: =INDEX(problem!$A$1:$A$10,1+(8<ROW())+(12<ROW())+(15<ROW())+(16<ROW())+(17<ROW())+(19<ROW())+(21<ROW())+(25<ROW())+(27<ROW())+(28<ROW())) | B7: =IF(INDEX(problem!$B$1:$B$10,1+(8<ROW())+(12<ROW())+(15<ROW())+(16<ROW())+(17<ROW())+(19<ROW())+(21<ROW())+(25<ROW())+(27<ROW())+(28<ROW()))="","",INDEX(SPLIT(INDEX(problem!$B$1:$B$10,1+(8<ROW())+(12<ROW())+(15<ROW())+(16<ROW())+(17<ROW())+(19<ROW())+(21<ROW())+(25<ROW())+(27<ROW())+(28<ROW())),CHAR(10)),ROW()-MAX(IF(8<ROW(),8),IF(12<ROW(),12),IF(15<ROW(),15),IF(16<ROW(),16),IF(17<ROW(),17),IF(19<ROW(),19),IF(21<ROW(),21),IF(25<ROW(),25),IF(27<ROW(),27),IF(28<ROW(),28))))
A8: =INDEX(problem!$A$1:$A$10,1+(8<ROW())+(12<ROW())+(15<ROW())+(16<ROW())+(17<ROW())+(19<ROW())+(21<ROW())+(25<ROW())+(27<ROW())+(28<ROW())) | B8: =IF(INDEX(problem!$B$1:$B$10,1+(8<ROW())+(12<ROW())+(15<ROW())+(16<ROW())+(17<ROW())+(19<ROW())+(21<ROW())+(25<ROW())+(27<ROW())+(28<ROW()))="","",INDEX(SPLIT(INDEX(problem!$B$1:$B$10,1+(8<ROW())+(12<ROW())+(15<ROW())+(16<ROW())+(17<ROW())+(19<ROW())+(21<ROW())+(25<ROW())+(27<ROW())+(28<ROW())),CHAR(10)),ROW()-MAX(IF(8<ROW(),8),IF(12<ROW(),12),IF(15<ROW(),15),IF(16<ROW(),16),IF(17<ROW(),17),IF(19<ROW(),19),IF(21<ROW(),21),IF(25<ROW(),25),IF(27<ROW(),27),IF(28<ROW(),28))))
A9: =INDEX(problem!$A$1:$A$10,1+(8<ROW())+(12<ROW())+(15<ROW())+(16<ROW())+(17<ROW())+(19<ROW())+(21<ROW())+(25<ROW())+(27<ROW())+(28<ROW())) | B9: =IF(INDEX(problem!$B$1:$B$10,1+(8<ROW())+(12<ROW())+(15<ROW())+(16<ROW())+(17<ROW())+(19<ROW())+(21<ROW())+(25<ROW())+(27<ROW())+(28<ROW()))="","",INDEX(SPLIT(INDEX(problem!$B$1:$B$10,1+(8<ROW())+(12<ROW())+(15<ROW())+(16<ROW())+(17<ROW())+(19<ROW())+(21<ROW())+(25<ROW())+(27<ROW())+(28<ROW())),CHAR(10)),ROW()-MAX(IF(8<ROW(),8),IF(12<ROW(),12),IF(15<ROW(),15),IF(16<ROW(),16),IF(17<ROW(),17),IF(19<ROW(),19),IF(21<ROW(),21),IF(25<ROW(),25),IF(27<ROW(),27),IF(28<ROW(),28))))
A10: =INDEX(problem!$A$1:$A$10,1+(8<ROW())+(12<ROW())+(15<ROW())+(16<ROW())+(17<ROW())+(19<ROW())+(21<ROW())+(25<ROW())+(27<ROW())+(28<ROW())) | B10: =IF(INDEX(problem!$B$1:$B$10,1+(8<ROW())+(12<ROW())+(15<ROW())+(16<ROW())+(17<ROW())+(19<ROW())+(21<ROW())+(25<ROW())+(27<ROW())+(28<ROW()))="","",INDEX(SPLIT(INDEX(problem!$B$1:$B$10,1+(8<ROW())+(12<ROW())+(15<ROW())+(16<ROW())+(17<ROW())+(19<ROW())+(21<ROW())+(25<ROW())+(27<ROW())+(28<ROW())),CHAR(10)),ROW()-MAX(IF(8<ROW(),8),IF(12<ROW(),12),IF(15<ROW(),15),IF(16<ROW(),16),IF(17<ROW(),17),IF(19<ROW(),19),IF(21<ROW(),21),IF(25<ROW(),25),IF(27<ROW(),27),IF(28<ROW(),28))))
A11: =INDEX(problem!$A$1:$A$10,1+(8<ROW())+(12<ROW())+(15<ROW())+(16<ROW())+(17<ROW())+(19<ROW())+(21<ROW())+(25<ROW())+(27<ROW())+(28<ROW())) | B11: =IF(INDEX(problem!$B$1:$B$10,1+(8<ROW())+(12<ROW())+(15<ROW())+(16<ROW())+(17<ROW())+(19<ROW())+(21<ROW())+(25<ROW())+(27<ROW())+(28<ROW()))="","",INDEX(SPLIT(INDEX(problem!$B$1:$B$10,1+(8<ROW())+(12<ROW())+(15<ROW())+(16<ROW())+(17<ROW())+(19<ROW())+(21<ROW())+(25<ROW())+(27<ROW())+(28<ROW())),CHAR(10)),ROW()-MAX(IF(8<ROW(),8),IF(12<ROW(),12),IF(15<ROW(),15),IF(16<ROW(),16),IF(17<ROW(),17),IF(19<ROW(),19),IF(21<ROW(),21),IF(25<ROW(),25),IF(27<ROW(),27),IF(28<ROW(),28))))
A12: =INDEX(problem!$A$1:$A$10,1+(8<ROW())+(12<ROW())+(15<ROW())+(16<ROW())+(17<ROW())+(19<ROW())+(21<ROW())+(25<ROW())+(27<ROW())+(28<ROW())) | B12: =IF(INDEX(problem!$B$1:$B$10,1+(8<ROW())+(12<ROW())+(15<ROW())+(16<ROW())+(17<ROW())+(19<ROW())+(21<ROW())+(25<ROW())+(27<ROW())+(28<ROW()))="","",INDEX(SPLIT(INDEX(problem!$B$1:$B$10,1+(8<ROW())+(12<ROW())+(15<ROW())+(16<ROW())+(17<ROW())+(19<ROW())+(21<ROW())+(25<ROW())+(27<ROW())+(28<ROW())),CHAR(10)),ROW()-MAX(IF(8<ROW(),8),IF(12<ROW(),12),IF(15<ROW(),15),IF(16<ROW(),16),IF(17<ROW(),17),IF(19<ROW(),19),IF(21<ROW(),21),IF(25<ROW(),25),IF(27<ROW(),27),IF(28<ROW(),28))))
... A28: =INDEX(problem!$A$1:$A$10,1+(8<ROW())+(12<ROW())+(15<ROW())+(16<ROW())+(17<ROW())+(19<ROW())+(21<ROW())+(25<ROW())+(27<ROW())+(28<ROW())) | B28: =IF(INDEX(problem!$B$1:$B$10,1+(8<ROW())+(12<ROW())+(15<ROW())+(16<ROW())+(17<ROW())+(19<ROW())+(21<ROW())+(25<ROW())+(27<ROW())+(28<ROW()))="","",INDEX(SPLIT(INDEX(problem!$B$1:$B$10,1+(8<ROW())+(12<ROW())+(15<ROW())+(16<ROW())+(17<ROW())+(19<ROW())+(21<ROW())+(25<ROW())+(27<ROW())+(28<ROW())),CHAR(10)),ROW()-MAX(IF(8<ROW(),8),IF(12<ROW(),12),IF(15<ROW(),15),IF(16<ROW(),16),IF(17<ROW(),17),IF(19<ROW(),19),IF(21<ROW(),21),IF(25<ROW(),25),IF(27<ROW(),27),IF(28<ROW(),28))))
