Workbook

Sheet Main unique ID
A1: 7
A2: 8
A3: 9
A4: 12
A5: 15
A6: 23
A7: 43
A8: 44
A9: 47
A10: 53
A11: 64
A12: 85
... A19: 855

Sheet Result what i am getting
A1: Unique ID | B1: Function | C1: Class | D1: Jan | E1: Feb | F1: Mar | G1: Apr | H1: May | I1: Jun | J1: Jul | K1: Aug | L1: Sep | M1: Oct | N1: Nov | O1: Dec
A2: 7 | B2: Function 2 | C2: Class 1 | D2: 88 | H2: 88 | L2: 88 | O2: 99
A3: 12 | B3: Function 2 | C3: Class 2 | D3: 88 | F3: 34 | O3: 96
A4: 15 | B4: Function 2 | C4: Class 3 | F4: 34 | J4: 77 | L4: 53
A5: 23 | B5: Function 3 | C5: Class 2 | E5: 33 | M5: 34
A6: 43 | B6: Function 4 | C6: Class 4 | F6: 34 | H6: 80 | K6: 65
A7: 44 | B7: Function 1 | C7: Class 5a | D7: 24
A8: 53 | B8: Function 4 | C8: Class 2 | E8: 4 | F8: 5 | G8: 6 | H8: 33 | K8: 4
A9: 64 | B9: Function 2 | C9: Class 1
A10: 85 | B10: Function 2 | C10: Class 2 | D10: 23 | E10: 44 | H10: 45 | K10: 4 | L10: 64
A11: 122 | B11: Function 1 | C11: Class 12 | D11: 80 | F11: 34 | L11: 87
A12: 233 | B12: Function 1 | C12: Class 13 | H12: 67 | J12: 80 | N12: 80
A13: 234 | B13: Function 2 | C13: Class 1 | E13: 4 | O13: 67
A14: 535 | B14: Function 4 | C14: Class 8 | D14: 80 | F14: 87 | J14: 56
A15: 855 | B15: Function 2 | C15: Class 1

Sheet Result what i am expecting 
A1: Unique ID | B1: Function | C1: Class | D1: Jan | E1: Feb | F1: Mar | G1: Apr | H1: May | I1: Jun | J1: Jul | K1: Aug | L1: Sep | M1: Oct | N1: Nov | O1: Dec
A2: 7 | B2: Function 2 | C2: Class 1 | D2: 88 | H2: 88 | L2: 88 | O2: 99
A3: 8
A4: 9
A5: 12 | B5: Function 2 | C5: Class 2 | D5: 88 | F5: 34 | O5: 96
A6: 15 | B6: Function 2 | C6: Class 3 | F6: 34 | J6: 77 | L6: 53
A7: 23 | B7: Function 3 | C7: Class 2 | E7: 33 | M7: 34
A8: 43 | B8: Function 4 | C8: Class 4 | F8: 34 | H8: 80 | K8: 65
A9: 44 | B9: Function 1 | C9: Class 5a | D9: 24
A10: 47
A11: 53 | B11: Function 4 | C11: Class 2 | E11: 4 | F11: 5 | G11: 6 | H11: 33 | K11: 4
A12: 64 | B12: Function 2 | C12: Class 1
A13: 85 | B13: Function 2 | C13: Class 2 | D13: 23 | E13: 44 | H13: 45 | K13: 4 | L13: 64
A14: 99
A15: 122 | B15: Function 1 | C15: Class 12 | D15: 80 | F15: 34 | L15: 87
A16: 233 | B16: Function 1 | C16: Class 13 | H16: 67 | J16: 80 | N16: 80
A17: 234 | B17: Function 2 | C17: Class 1 | E17: 4 | O17: 67
A18: 500
A19: 535 | B19: Function 4 | C19: Class 8 | D19: 80 | F19: 87 | J19: 56
A20: 855 | B20: Function 2 | C20: Class 1

Sheet MyResult
A1: Unique ID | B1: Function | C1: Class | D1: Jan | E1: Feb | F1: Mar | G1: Apr | H1: May | I1: Jun | J1: Jul | K1: Aug | L1: Sep | M1: Oct | N1: Nov | O1: Dec
A2: =INDEX('Main unique ID'!$A$1:$A$19,ROW()-1) | B2: =IFERROR(INDEX('Result what i am getting'!B$2:B$15,MATCH($A2,'Result what i am getting'!$A$2:$A$15,0)),"") | C2: =IFERROR(INDEX('Result what i am getting'!C$2:C$15,MATCH($A2,'Result what i am getting'!$A$2:$A$15,0)),"") | D2: =IFERROR(INDEX('Result what i am getting'!D$2:D$15,MATCH($A2,'Result what i am getting'!$A$2:$A$15,0)),"") | E2: =IFERROR(INDEX('Result what i am getting'!E$2:E$15,MATCH($A2,'Result what i am getting'!$A$2:$A$15,0)),"") | F2: =IFERROR(INDEX('Result what i am getting'!F$2:F$15,MATCH($A2,'Result what i am getting'!$A$2:$A$15,0)),"") | G2: =IFERROR(INDEX('Result what i am getting'!G$2:G$15,MATCH($A2,'Result what i am getting'!$A$2:$A$15,0)),"") | H2: =IFERROR(INDEX('Result what i am getting'!H$2:H$15,MATCH($A2,'Result what i am getting'!$A$2:$A$15,0)),"") | I2: =IFERROR(INDEX('Result what i am getting'!I$2:I$15,MATCH($A2,'Result what i am getting'!$A$2:$A$15,0)),"") | ... O2: =IFERROR(INDEX('Result what i am getting'!O$2:O$15,MATCH($A2,'Result what i am getting'!$A$2:$A$15,0)),"")
A3: =INDEX('Main unique ID'!$A$1:$A$19,ROW()-1) | B3: =IFERROR(INDEX('Result what i am getting'!B$2:B$15,MATCH($A3,'Result what i am getting'!$A$2:$A$15,0)),"") | C3: =IFERROR(INDEX('Result what i am getting'!C$2:C$15,MATCH($A3,'Result what i am getting'!$A$2:$A$15,0)),"") | D3: =IFERROR(INDEX('Result what i am getting'!D$2:D$15,MATCH($A3,'Result what i am getting'!$A$2:$A$15,0)),"") | E3: =IFERROR(INDEX('Result what i am getting'!E$2:E$15,MATCH($A3,'Result what i am getting'!$A$2:$A$15,0)),"") | F3: =IFERROR(INDEX('Result what i am getting'!F$2:F$15,MATCH($A3,'Result what i am getting'!$A$2:$A$15,0)),"") | G3: =IFERROR(INDEX('Result what i am getting'!G$2:G$15,MATCH($A3,'Result what i am getting'!$A$2:$A$15,0)),"") | H3: =IFERROR(INDEX('Result what i am getting'!H$2:H$15,MATCH($A3,'Result what i am getting'!$A$2:$A$15,0)),"") | I3: =IFERROR(INDEX('Result what i am getting'!I$2:I$15,MATCH($A3,'Result what i am getting'!$A$2:$A$15,0)),"") | ... O3: =IFERROR(INDEX('Result what i am getting'!O$2:O$15,MATCH($A3,'Result what i am getting'!$A$2:$A$15,0)),"")
A4: =INDEX('Main unique ID'!$A$1:$A$19,ROW()-1) | B4: =IFERROR(INDEX('Result what i am getting'!B$2:B$15,MATCH($A4,'Result what i am getting'!$A$2:$A$15,0)),"") | C4: =IFERROR(INDEX('Result what i am getting'!C$2:C$15,MATCH($A4,'Result what i am getting'!$A$2:$A$15,0)),"") | D4: =IFERROR(INDEX('Result what i am getting'!D$2:D$15,MATCH($A4,'Result what i am getting'!$A$2:$A$15,0)),"") | E4: =IFERROR(INDEX('Result what i am getting'!E$2:E$15,MATCH($A4,'Result what i am getting'!$A$2:$A$15,0)),"") | F4: =IFERROR(INDEX('Result what i am getting'!F$2:F$15,MATCH($A4,'Result what i am getting'!$A$2:$A$15,0)),"") | G4: =IFERROR(INDEX('Result what i am getting'!G$2:G$15,MATCH($A4,'Result what i am getting'!$A$2:$A$15,0)),"") | H4: =IFERROR(INDEX('Result what i am getting'!H$2:H$15,MATCH($A4,'Result what i am getting'!$A$2:$A$15,0)),"") | I4: =IFERROR(INDEX('Result what i am getting'!I$2:I$15,MATCH($A4,'Result what i am getting'!$A$2:$A$15,0)),"") | ... O4: =IFERROR(INDEX('Result what i am getting'!O$2:O$15,MATCH($A4,'Result what i am getting'!$A$2:$A$15,0)),"")
A5: =INDEX('Main unique ID'!$A$1:$A$19,ROW()-1) | B5: =IFERROR(INDEX('Result what i am getting'!B$2:B$15,MATCH($A5,'Result what i am getting'!$A$2:$A$15,0)),"") | C5: =IFERROR(INDEX('Result what i am getting'!C$2:C$15,MATCH($A5,'Result what i am getting'!$A$2:$A$15,0)),"") | D5: =IFERROR(INDEX('Result what i am getting'!D$2:D$15,MATCH($A5,'Result what i am getting'!$A$2:$A$15,0)),"") | E5: =IFERROR(INDEX('Result what i am getting'!E$2:E$15,MATCH($A5,'Result what i am getting'!$A$2:$A$15,0)),"") | F5: =IFERROR(INDEX('Result what i am getting'!F$2:F$15,MATCH($A5,'Result what i am getting'!$A$2:$A$15,0)),"") | G5: =IFERROR(INDEX('Result what i am getting'!G$2:G$15,MATCH($A5,'Result what i am getting'!$A$2:$A$15,0)),"") | H5: =IFERROR(INDEX('Result what i am getting'!H$2:H$15,MATCH($A5,'Result what i am getting'!$A$2:$A$15,0)),"") | I5: =IFERROR(INDEX('Result what i am getting'!I$2:I$15,MATCH($A5,'Result what i am getting'!$A$2:$A$15,0)),"") | ... O5: =IFERROR(INDEX('Result what i am getting'!O$2:O$15,MATCH($A5,'Result what i am getting'!$A$2:$A$15,0)),"")
A6: =INDEX('Main unique ID'!$A$1:$A$19,ROW()-1) | B6: =IFERROR(INDEX('Result what i am getting'!B$2:B$15,MATCH($A6,'Result what i am getting'!$A$2:$A$15,0)),"") | C6: =IFERROR(INDEX('Result what i am getting'!C$2:C$15,MATCH($A6,'Result what i am getting'!$A$2:$A$15,0)),"") | D6: =IFERROR(INDEX('Result what i am getting'!D$2:D$15,MATCH($A6,'Result what i am getting'!$A$2:$A$15,0)),"") | E6: =IFERROR(INDEX('Result what i am getting'!E$2:E$15,MATCH($A6,'Result what i am getting'!$A$2:$A$15,0)),"") | F6: =IFERROR(INDEX('Result what i am getting'!F$2:F$15,MATCH($A6,'Result what i am getting'!$A$2:$A$15,0)),"") | G6: =IFERROR(INDEX('Result what i am getting'!G$2:G$15,MATCH($A6,'Result what i am getting'!$A$2:$A$15,0)),"") | H6: =IFERROR(INDEX('Result what i am getting'!H$2:H$15,MATCH($A6,'Result what i am getting'!$A$2:$A$15,0)),"") | I6: =IFERROR(INDEX('Result what i am getting'!I$2:I$15,MATCH($A6,'Result what i am getting'!$A$2:$A$15,0)),"") | ... O6: =IFERROR(INDEX('Result what i am getting'!O$2:O$15,MATCH($A6,'Result what i am getting'!$A$2:$A$15,0)),"")
A7: =INDEX('Main unique ID'!$A$1:$A$19,ROW()-1) | B7: =IFERROR(INDEX('Result what i am getting'!B$2:B$15,MATCH($A7,'Result what i am getting'!$A$2:$A$15,0)),"") | C7: =IFERROR(INDEX('Result what i am getting'!C$2:C$15,MATCH($A7,'Result what i am getting'!$A$2:$A$15,0)),"") | D7: =IFERROR(INDEX('Result what i am getting'!D$2:D$15,MATCH($A7,'Result what i am getting'!$A$2:$A$15,0)),"") | E7: =IFERROR(INDEX('Result what i am getting'!E$2:E$15,MATCH($A7,'Result what i am getting'!$A$2:$A$15,0)),"") | F7: =IFERROR(INDEX('Result what i am getting'!F$2:F$15,MATCH($A7,'Result what i am getting'!$A$2:$A$15,0)),"") | G7: =IFERROR(INDEX('Result what i am getting'!G$2:G$15,MATCH($A7,'Result what i am getting'!$A$2:$A$15,0)),"") | H7: =IFERROR(INDEX('Result what i am getting'!H$2:H$15,MATCH($A7,'Result what i am getting'!$A$2:$A$15,0)),"") | I7: =IFERROR(INDEX('Result what i am getting'!I$2:I$15,MATCH($A7,'Result what i am getting'!$A$2:$A$15,0)),"") | ... O7: =IFERROR(INDEX('Result what i am getting'!O$2:O$15,MATCH($A7,'Result what i am getting'!$A$2:$A$15,0)),"")
A8: =INDEX('Main unique ID'!$A$1:$A$19,ROW()-1) | B8: =IFERROR(INDEX('Result what i am getting'!B$2:B$15,MATCH($A8,'Result what i am getting'!$A$2:$A$15,0)),"") | C8: =IFERROR(INDEX('Result what i am getting'!C$2:C$15,MATCH($A8,'Result what i am getting'!$A$2:$A$15,0)),"") | D8: =IFERROR(INDEX('Result what i am getting'!D$2:D$15,MATCH($A8,'Result what i am getting'!$A$2:$A$15,0)),"") | E8: =IFERROR(INDEX('Result what i am getting'!E$2:E$15,MATCH($A8,'Result what i am getting'!$A$2:$A$15,0)),"") | F8: =IFERROR(INDEX('Result what i am getting'!F$2:F$15,MATCH($A8,'Result what i am getting'!$A$2:$A$15,0)),"") | G8: =IFERROR(INDEX('Result what i am getting'!G$2:G$15,MATCH($A8,'Result what i am getting'!$A$2:$A$15,0)),"") | H8: =IFERROR(INDEX('Result what i am getting'!H$2:H$15,MATCH($A8,'Result what i am getting'!$A$2:$A$15,0)),"") | I8: =IFERROR(INDEX('Result what i am getting'!I$2:I$15,MATCH($A8,'Result what i am getting'!$A$2:$A$15,0)),"") | ... O8: =IFERROR(INDEX('Result what i am getting'!O$2:O$15,MATCH($A8,'Result what i am getting'!$A$2:$A$15,0)),"")
A9: =INDEX('Main unique ID'!$A$1:$A$19,ROW()-1) | B9: =IFERROR(INDEX('Result what i am getting'!B$2:B$15,MATCH($A9,'Result what i am getting'!$A$2:$A$15,0)),"") | C9: =IFERROR(INDEX('Result what i am getting'!C$2:C$15,MATCH($A9,'Result what i am getting'!$A$2:$A$15,0)),"") | D9: =IFERROR(INDEX('Result what i am getting'!D$2:D$15,MATCH($A9,'Result what i am getting'!$A$2:$A$15,0)),"") | E9: =IFERROR(INDEX('Result what i am getting'!E$2:E$15,MATCH($A9,'Result what i am getting'!$A$2:$A$15,0)),"") | F9: =IFERROR(INDEX('Result what i am getting'!F$2:F$15,MATCH($A9,'Result what i am getting'!$A$2:$A$15,0)),"") | G9: =IFERROR(INDEX('Result what i am getting'!G$2:G$15,MATCH($A9,'Result what i am getting'!$A$2:$A$15,0)),"") | H9: =IFERROR(INDEX('Result what i am getting'!H$2:H$15,MATCH($A9,'Result what i am getting'!$A$2:$A$15,0)),"") | I9: =IFERROR(INDEX('Result what i am getting'!I$2:I$15,MATCH($A9,'Result what i am getting'!$A$2:$A$15,0)),"") | ... O9: =IFERROR(INDEX('Result what i am getting'!O$2:O$15,MATCH($A9,'Result what i am getting'!$A$2:$A$15,0)),"")
A10: =INDEX('Main unique ID'!$A$1:$A$19,ROW()-1) | B10: =IFERROR(INDEX('Result what i am getting'!B$2:B$15,MATCH($A10,'Result what i am getting'!$A$2:$A$15,0)),"") | C10: =IFERROR(INDEX('Result what i am getting'!C$2:C$15,MATCH($A10,'Result what i am getting'!$A$2:$A$15,0)),"") | D10: =IFERROR(INDEX('Result what i am getting'!D$2:D$15,MATCH($A10,'Result what i am getting'!$A$2:$A$15,0)),"") | E10: =IFERROR(INDEX('Result what i am getting'!E$2:E$15,MATCH($A10,'Result what i am getting'!$A$2:$A$15,0)),"") | F10: =IFERROR(INDEX('Result what i am getting'!F$2:F$15,MATCH($A10,'Result what i am getting'!$A$2:$A$15,0)),"") | G10: =IFERROR(INDEX('Result what i am getting'!G$2:G$15,MATCH($A10,'Result what i am getting'!$A$2:$A$15,0)),"") | H10: =IFERROR(INDEX('Result what i am getting'!H$2:H$15,MATCH($A10,'Result what i am getting'!$A$2:$A$15,0)),"") | I10: =IFERROR(INDEX('Result what i am getting'!I$2:I$15,MATCH($A10,'Result what i am getting'!$A$2:$A$15,0)),"") | ... O10: =IFERROR(INDEX('Result what i am getting'!O$2:O$15,MATCH($A10,'Result what i am getting'!$A$2:$A$15,0)),"")
A11: =INDEX('Main unique ID'!$A$1:$A$19,ROW()-1) | B11: =IFERROR(INDEX('Result what i am getting'!B$2:B$15,MATCH($A11,'Result what i am getting'!$A$2:$A$15,0)),"") | C11: =IFERROR(INDEX('Result what i am getting'!C$2:C$15,MATCH($A11,'Result what i am getting'!$A$2:$A$15,0)),"") | D11: =IFERROR(INDEX('Result what i am getting'!D$2:D$15,MATCH($A11,'Result what i am getting'!$A$2:$A$15,0)),"") | E11: =IFERROR(INDEX('Result what i am getting'!E$2:E$15,MATCH($A11,'Result what i am getting'!$A$2:$A$15,0)),"") | F11: =IFERROR(INDEX('Result what i am getting'!F$2:F$15,MATCH($A11,'Result what i am getting'!$A$2:$A$15,0)),"") | G11: =IFERROR(INDEX('Result what i am getting'!G$2:G$15,MATCH($A11,'Result what i am getting'!$A$2:$A$15,0)),"") | H11: =IFERROR(INDEX('Result what i am getting'!H$2:H$15,MATCH($A11,'Result what i am getting'!$A$2:$A$15,0)),"") | I11: =IFERROR(INDEX('Result what i am getting'!I$2:I$15,MATCH($A11,'Result what i am getting'!$A$2:$A$15,0)),"") | ... O11: =IFERROR(INDEX('Result what i am getting'!O$2:O$15,MATCH($A11,'Result what i am getting'!$A$2:$A$15,0)),"")
A12: =INDEX('Main unique ID'!$A$1:$A$19,ROW()-1) | B12: =IFERROR(INDEX('Result what i am getting'!B$2:B$15,MATCH($A12,'Result what i am getting'!$A$2:$A$15,0)),"") | C12: =IFERROR(INDEX('Result what i am getting'!C$2:C$15,MATCH($A12,'Result what i am getting'!$A$2:$A$15,0)),"") | D12: =IFERROR(INDEX('Result what i am getting'!D$2:D$15,MATCH($A12,'Result what i am getting'!$A$2:$A$15,0)),"") | E12: =IFERROR(INDEX('Result what i am getting'!E$2:E$15,MATCH($A12,'Result what i am getting'!$A$2:$A$15,0)),"") | F12: =IFERROR(INDEX('Result what i am getting'!F$2:F$15,MATCH($A12,'Result what i am getting'!$A$2:$A$15,0)),"") | G12: =IFERROR(INDEX('Result what i am getting'!G$2:G$15,MATCH($A12,'Result what i am getting'!$A$2:$A$15,0)),"") | H12: =IFERROR(INDEX('Result what i am getting'!H$2:H$15,MATCH($A12,'Result what i am getting'!$A$2:$A$15,0)),"") | I12: =IFERROR(INDEX('Result what i am getting'!I$2:I$15,MATCH($A12,'Result what i am getting'!$A$2:$A$15,0)),"") | ... O12: =IFERROR(INDEX('Result what i am getting'!O$2:O$15,MATCH($A12,'Result what i am getting'!$A$2:$A$15,0)),"")
A13: =INDEX('Main unique ID'!$A$1:$A$19,ROW()-1) | B13: =IFERROR(INDEX('Result what i am getting'!B$2:B$15,MATCH($A13,'Result what i am getting'!$A$2:$A$15,0)),"") | C13: =IFERROR(INDEX('Result what i am getting'!C$2:C$15,MATCH($A13,'Result what i am getting'!$A$2:$A$15,0)),"") | D13: =IFERROR(INDEX('Result what i am getting'!D$2:D$15,MATCH($A13,'Result what i am getting'!$A$2:$A$15,0)),"") | E13: =IFERROR(INDEX('Result what i am getting'!E$2:E$15,MATCH($A13,'Result what i am getting'!$A$2:$A$15,0)),"") | F13: =IFERROR(INDEX('Result what i am getting'!F$2:F$15,MATCH($A13,'Result what i am getting'!$A$2:$A$15,0)),"") | G13: =IFERROR(INDEX('Result what i am getting'!G$2:G$15,MATCH($A13,'Result what i am getting'!$A$2:$A$15,0)),"") | H13: =IFERROR(INDEX('Result what i am getting'!H$2:H$15,MATCH($A13,'Result what i am getting'!$A$2:$A$15,0)),"") | I13: =IFERROR(INDEX('Result what i am getting'!I$2:I$15,MATCH($A13,'Result what i am getting'!$A$2:$A$15,0)),"") | ... O13: =IFERROR(INDEX('Result what i am getting'!O$2:O$15,MATCH($A13,'Result what i am getting'!$A$2:$A$15,0)),"")
... A20: =INDEX('Main unique ID'!$A$1:$A$19,ROW()-1) | B20: =IFERROR(INDEX('Result what i am getting'!B$2:B$15,MATCH($A20,'Result what i am getting'!$A$2:$A$15,0)),"") | C20: =IFERROR(INDEX('Result what i am getting'!C$2:C$15,MATCH($A20,'Result what i am getting'!$A$2:$A$15,0)),"") | D20: =IFERROR(INDEX('Result what i am getting'!D$2:D$15,MATCH($A20,'Result what i am getting'!$A$2:$A$15,0)),"") | E20: =IFERROR(INDEX('Result what i am getting'!E$2:E$15,MATCH($A20,'Result what i am getting'!$A$2:$A$15,0)),"") | F20: =IFERROR(INDEX('Result what i am getting'!F$2:F$15,MATCH($A20,'Result what i am getting'!$A$2:$A$15,0)),"") | G20: =IFERROR(INDEX('Result what i am getting'!G$2:G$15,MATCH($A20,'Result what i am getting'!$A$2:$A$15,0)),"") | H20: =IFERROR(INDEX('Result what i am getting'!H$2:H$15,MATCH($A20,'Result what i am getting'!$A$2:$A$15,0)),"") | I20: =IFERROR(INDEX('Result what i am getting'!I$2:I$15,MATCH($A20,'Result what i am getting'!$A$2:$A$15,0)),"") | ... O20: =IFERROR(INDEX('Result what i am getting'!O$2:O$15,MATCH($A20,'Result what i am getting'!$A$2:$A$15,0)),"")
