Workbook
Name SOU: INPUT!$C$1:$C$3
Name SR: #REF!

Sheet INPUT
A1: ITEM | B1: DATE | C1: BRANDS | D1: BATCH | E1: TYPE | F1: ORIGIN
A2: 1 | B2: 44201 | C2: CARS-12 | D2: CC-100 | E2: GMC | F2: UNATIDE STATES AMERICAN
A3: 2 | B3: 44202 | C3: CARS-13 | D3: CC-101 | E3: PEGUE | F3: FRANCE
A4: 3 | B4: 44203 | C4: CARS-14 | D4: CC-102 | E4: HUNDAY | F4: KOREA
A5: 4 | B5: 44204 | C5: CARS-15 | D5: CC-103 | E5: BMW | F5: GERMANY
A6: 5 | B6: 44205 | C6: CARS-16 | D6: CC-104 | E6: FIA | F6: ITALY

Sheet OUPUT
A1: =INPUT!A1 | B1: =INPUT!C1 | C1: =INPUT!E1 | D1: =IF(INPUT!F1="UNATIDE STATES AMERICAN","USA",IF(INPUT!F1="FRANCE","FRA",IF(INPUT!F1="KOREA","KOR",IF(INPUT!F1="GERMANY","GR",IF(INPUT!F1="ITALY","IT",INPUT!F1)))))
A2: =INPUT!A2 | B2: =INPUT!C2 | C2: =INPUT!E2 | D2: =IF(INPUT!F2="UNATIDE STATES AMERICAN","USA",IF(INPUT!F2="FRANCE","FRA",IF(INPUT!F2="KOREA","KOR",IF(INPUT!F2="GERMANY","GR",IF(INPUT!F2="ITALY","IT",INPUT!F2)))))
A3: =INPUT!A3 | B3: =INPUT!C3 | C3: =INPUT!E3 | D3: =IF(INPUT!F3="UNATIDE STATES AMERICAN","USA",IF(INPUT!F3="FRANCE","FRA",IF(INPUT!F3="KOREA","KOR",IF(INPUT!F3="GERMANY","GR",IF(INPUT!F3="ITALY","IT",INPUT!F3)))))
A4: =INPUT!A4 | B4: =INPUT!C4 | C4: =INPUT!E4 | D4: =IF(INPUT!F4="UNATIDE STATES AMERICAN","USA",IF(INPUT!F4="FRANCE","FRA",IF(INPUT!F4="KOREA","KOR",IF(INPUT!F4="GERMANY","GR",IF(INPUT!F4="ITALY","IT",INPUT!F4)))))
A5: =INPUT!A5 | B5: =INPUT!C5 | C5: =INPUT!E5 | D5: =IF(INPUT!F5="UNATIDE STATES AMERICAN","USA",IF(INPUT!F5="FRANCE","FRA",IF(INPUT!F5="KOREA","KOR",IF(INPUT!F5="GERMANY","GR",IF(INPUT!F5="ITALY","IT",INPUT!F5)))))
A6: =INPUT!A6 | B6: =INPUT!C6 | C6: =INPUT!E6 | D6: =IF(INPUT!F6="UNATIDE STATES AMERICAN","USA",IF(INPUT!F6="FRANCE","FRA",IF(INPUT!F6="KOREA","KOR",IF(INPUT!F6="GERMANY","GR",IF(INPUT!F6="ITALY","IT",INPUT!F6)))))
