Workbook

Sheet Sheet1
A1: DATA
A2: =INDEX(Helper!$A$2:$A$85,MATCH(LARGE(Helper!$B$2:$B$85,ROW()-1),Helper!$B$2:$B$85,0))
A3: =INDEX(Helper!$A$2:$A$85,MATCH(LARGE(Helper!$B$2:$B$85,ROW()-1),Helper!$B$2:$B$85,0))
A4: =INDEX(Helper!$A$2:$A$85,MATCH(LARGE(Helper!$B$2:$B$85,ROW()-1),Helper!$B$2:$B$85,0))
A5: =INDEX(Helper!$A$2:$A$85,MATCH(LARGE(Helper!$B$2:$B$85,ROW()-1),Helper!$B$2:$B$85,0))
A6: =INDEX(Helper!$A$2:$A$85,MATCH(LARGE(Helper!$B$2:$B$85,ROW()-1),Helper!$B$2:$B$85,0))
A7: =INDEX(Helper!$A$2:$A$85,MATCH(LARGE(Helper!$B$2:$B$85,ROW()-1),Helper!$B$2:$B$85,0))
A8: =INDEX(Helper!$A$2:$A$85,MATCH(LARGE(Helper!$B$2:$B$85,ROW()-1),Helper!$B$2:$B$85,0))
A9: =INDEX(Helper!$A$2:$A$85,MATCH(LARGE(Helper!$B$2:$B$85,ROW()-1),Helper!$B$2:$B$85,0))
A10: =INDEX(Helper!$A$2:$A$85,MATCH(LARGE(Helper!$B$2:$B$85,ROW()-1),Helper!$B$2:$B$85,0))
A11: =INDEX(Helper!$A$2:$A$85,MATCH(LARGE(Helper!$B$2:$B$85,ROW()-1),Helper!$B$2:$B$85,0))
A12: =INDEX(Helper!$A$2:$A$85,MATCH(LARGE(Helper!$B$2:$B$85,ROW()-1),Helper!$B$2:$B$85,0))
A13: =INDEX(Helper!$A$2:$A$85,MATCH(LARGE(Helper!$B$2:$B$85,ROW()-1),Helper!$B$2:$B$85,0))
... A85: =INDEX(Helper!$A$2:$A$85,MATCH(LARGE(Helper!$B$2:$B$85,ROW()-1),Helper!$B$2:$B$85,0))

Sheet Desired Results
A1: DATA
A2: RAILROAD
A3: RAILROAD
A4: RAILROAD
A5: RAILROAD
A6: RAILROAD
A7: RAILROAD
A8: RAILROAD
A9: RAILROAD
A10: RAILROAD
A11: RAILROAD
A12: RAILROAD
... A85: PARTY

Sheet Helper
A2: RAILROAD | B2: 2400000
A3: RAILROAD | B3: 2400001
A4: RAILROAD | B4: 2400002
A5: RAILROAD | B5: 2400003
A6: RAILROAD | B6: 2400004
A7: RAILROAD | B7: 2400005
A8: FESTUS | B8: 2000006
A9: FESTUS | B9: 2000007
A10: FESTUS | B10: 2000008
A11: FESTUS | B11: 2000009
A12: FESTUS | B12: 2000010
A13: CHARLIE | B13: 1600011
... A85: PARTY | B85: 400083
