Workbook

Sheet Emp
A1: seqno | B1: Empno | C1: ename | D1: Jobid | E1: Comp1 | F1: 2_comp | G1: dept1 | H1: avg sal | I1: hike | J1: performance
A2: 1 | B2: 1001 | C2: ravi | D2: 12 | E2: 2 | F2: 4 | G2: 3 | H2: 1 | I2: 2 | J2: 1
A3: 2 | B3: 2001 | C3: hari | D3: 21 | E3: 5 | F3: 5 | G3: 5 | H3: 5 | I3: 5 | J3: 2
A4: 3 | B4: 2008 | C4: gopal | D4: 16 | E4: 3 | F4: 2 | G4: 1 | H4: 1 | I4: 1 | J4: 4

Sheet Lookup
A1: Variable | B1: Category | C1: Subcategory
A2: Comp1 | B2: Survey | C2: Country
A3: 2_comp | B3: Survey | C3: CONTINENT
A4: dept1 | B4: Survey | C4: STATE
A5: avg sal | B5: Survey | C5: DISTRICT
A6: hike | B6: Survey | C6: Country
A7: performance | B7: Survey | C7: HEADQTR

Sheet Expected
A1: seqno | B1: Empno | C1: ename | D1: Jobid | E1: Variable | F1: Category | G1: Subcategory | H1: Value
A2: =INDEX(Emp!$A:$A,INT((ROW()-2)/6)+2) | B2: =INDEX(Emp!$B:$B,INT((ROW()-2)/6)+2) | C2: =INDEX(Emp!$C:$C,INT((ROW()-2)/6)+2) | D2: =INDEX(Emp!$D:$D,INT((ROW()-2)/6)+2) | E2: =INDEX(Emp!$1:$1,1,5+MOD(ROW()-2,6)) | F2: =INDEX(Lookup!$B:$B,MATCH($E2,Lookup!$A:$A,0)) | G2: =INDEX(Lookup!$C:$C,MATCH($E2,Lookup!$A:$A,0)) | H2: =INDEX(Emp!$E:$J,INT((ROW()-2)/6)+2,MOD(ROW()-2,6)+1)
A3: =INDEX(Emp!$A:$A,INT((ROW()-2)/6)+2) | B3: =INDEX(Emp!$B:$B,INT((ROW()-2)/6)+2) | C3: =INDEX(Emp!$C:$C,INT((ROW()-2)/6)+2) | D3: =INDEX(Emp!$D:$D,INT((ROW()-2)/6)+2) | E3: =INDEX(Emp!$1:$1,1,5+MOD(ROW()-2,6)) | F3: =INDEX(Lookup!$B:$B,MATCH($E3,Lookup!$A:$A,0)) | G3: =INDEX(Lookup!$C:$C,MATCH($E3,Lookup!$A:$A,0)) | H3: =INDEX(Emp!$E:$J,INT((ROW()-2)/6)+2,MOD(ROW()-2,6)+1)
A4: =INDEX(Emp!$A:$A,INT((ROW()-2)/6)+2) | B4: =INDEX(Emp!$B:$B,INT((ROW()-2)/6)+2) | C4: =INDEX(Emp!$C:$C,INT((ROW()-2)/6)+2) | D4: =INDEX(Emp!$D:$D,INT((ROW()-2)/6)+2) | E4: =INDEX(Emp!$1:$1,1,5+MOD(ROW()-2,6)) | F4: =INDEX(Lookup!$B:$B,MATCH($E4,Lookup!$A:$A,0)) | G4: =INDEX(Lookup!$C:$C,MATCH($E4,Lookup!$A:$A,0)) | H4: =INDEX(Emp!$E:$J,INT((ROW()-2)/6)+2,MOD(ROW()-2,6)+1)
A5: =INDEX(Emp!$A:$A,INT((ROW()-2)/6)+2) | B5: =INDEX(Emp!$B:$B,INT((ROW()-2)/6)+2) | C5: =INDEX(Emp!$C:$C,INT((ROW()-2)/6)+2) | D5: =INDEX(Emp!$D:$D,INT((ROW()-2)/6)+2) | E5: =INDEX(Emp!$1:$1,1,5+MOD(ROW()-2,6)) | F5: =INDEX(Lookup!$B:$B,MATCH($E5,Lookup!$A:$A,0)) | G5: =INDEX(Lookup!$C:$C,MATCH($E5,Lookup!$A:$A,0)) | H5: =INDEX(Emp!$E:$J,INT((ROW()-2)/6)+2,MOD(ROW()-2,6)+1)
A6: =INDEX(Emp!$A:$A,INT((ROW()-2)/6)+2) | B6: =INDEX(Emp!$B:$B,INT((ROW()-2)/6)+2) | C6: =INDEX(Emp!$C:$C,INT((ROW()-2)/6)+2) | D6: =INDEX(Emp!$D:$D,INT((ROW()-2)/6)+2) | E6: =INDEX(Emp!$1:$1,1,5+MOD(ROW()-2,6)) | F6: =INDEX(Lookup!$B:$B,MATCH($E6,Lookup!$A:$A,0)) | G6: =INDEX(Lookup!$C:$C,MATCH($E6,Lookup!$A:$A,0)) | H6: =INDEX(Emp!$E:$J,INT((ROW()-2)/6)+2,MOD(ROW()-2,6)+1)
A7: =INDEX(Emp!$A:$A,INT((ROW()-2)/6)+2) | B7: =INDEX(Emp!$B:$B,INT((ROW()-2)/6)+2) | C7: =INDEX(Emp!$C:$C,INT((ROW()-2)/6)+2) | D7: =INDEX(Emp!$D:$D,INT((ROW()-2)/6)+2) | E7: =INDEX(Emp!$1:$1,1,5+MOD(ROW()-2,6)) | F7: =INDEX(Lookup!$B:$B,MATCH($E7,Lookup!$A:$A,0)) | G7: =INDEX(Lookup!$C:$C,MATCH($E7,Lookup!$A:$A,0)) | H7: =INDEX(Emp!$E:$J,INT((ROW()-2)/6)+2,MOD(ROW()-2,6)+1)
A8: =INDEX(Emp!$A:$A,INT((ROW()-2)/6)+2) | B8: =INDEX(Emp!$B:$B,INT((ROW()-2)/6)+2) | C8: =INDEX(Emp!$C:$C,INT((ROW()-2)/6)+2) | D8: =INDEX(Emp!$D:$D,INT((ROW()-2)/6)+2) | E8: =INDEX(Emp!$1:$1,1,5+MOD(ROW()-2,6)) | F8: =INDEX(Lookup!$B:$B,MATCH($E8,Lookup!$A:$A,0)) | G8: =INDEX(Lookup!$C:$C,MATCH($E8,Lookup!$A:$A,0)) | H8: =INDEX(Emp!$E:$J,INT((ROW()-2)/6)+2,MOD(ROW()-2,6)+1)
A9: =INDEX(Emp!$A:$A,INT((ROW()-2)/6)+2) | B9: =INDEX(Emp!$B:$B,INT((ROW()-2)/6)+2) | C9: =INDEX(Emp!$C:$C,INT((ROW()-2)/6)+2) | D9: =INDEX(Emp!$D:$D,INT((ROW()-2)/6)+2) | E9: =INDEX(Emp!$1:$1,1,5+MOD(ROW()-2,6)) | F9: =INDEX(Lookup!$B:$B,MATCH($E9,Lookup!$A:$A,0)) | G9: =INDEX(Lookup!$C:$C,MATCH($E9,Lookup!$A:$A,0)) | H9: =INDEX(Emp!$E:$J,INT((ROW()-2)/6)+2,MOD(ROW()-2,6)+1)
A10: =INDEX(Emp!$A:$A,INT((ROW()-2)/6)+2) | B10: =INDEX(Emp!$B:$B,INT((ROW()-2)/6)+2) | C10: =INDEX(Emp!$C:$C,INT((ROW()-2)/6)+2) | D10: =INDEX(Emp!$D:$D,INT((ROW()-2)/6)+2) | E10: =INDEX(Emp!$1:$1,1,5+MOD(ROW()-2,6)) | F10: =INDEX(Lookup!$B:$B,MATCH($E10,Lookup!$A:$A,0)) | G10: =INDEX(Lookup!$C:$C,MATCH($E10,Lookup!$A:$A,0)) | H10: =INDEX(Emp!$E:$J,INT((ROW()-2)/6)+2,MOD(ROW()-2,6)+1)
A11: =INDEX(Emp!$A:$A,INT((ROW()-2)/6)+2) | B11: =INDEX(Emp!$B:$B,INT((ROW()-2)/6)+2) | C11: =INDEX(Emp!$C:$C,INT((ROW()-2)/6)+2) | D11: =INDEX(Emp!$D:$D,INT((ROW()-2)/6)+2) | E11: =INDEX(Emp!$1:$1,1,5+MOD(ROW()-2,6)) | F11: =INDEX(Lookup!$B:$B,MATCH($E11,Lookup!$A:$A,0)) | G11: =INDEX(Lookup!$C:$C,MATCH($E11,Lookup!$A:$A,0)) | H11: =INDEX(Emp!$E:$J,INT((ROW()-2)/6)+2,MOD(ROW()-2,6)+1)
A12: =INDEX(Emp!$A:$A,INT((ROW()-2)/6)+2) | B12: =INDEX(Emp!$B:$B,INT((ROW()-2)/6)+2) | C12: =INDEX(Emp!$C:$C,INT((ROW()-2)/6)+2) | D12: =INDEX(Emp!$D:$D,INT((ROW()-2)/6)+2) | E12: =INDEX(Emp!$1:$1,1,5+MOD(ROW()-2,6)) | F12: =INDEX(Lookup!$B:$B,MATCH($E12,Lookup!$A:$A,0)) | G12: =INDEX(Lookup!$C:$C,MATCH($E12,Lookup!$A:$A,0)) | H12: =INDEX(Emp!$E:$J,INT((ROW()-2)/6)+2,MOD(ROW()-2,6)+1)
A13: =INDEX(Emp!$A:$A,INT((ROW()-2)/6)+2) | B13: =INDEX(Emp!$B:$B,INT((ROW()-2)/6)+2) | C13: =INDEX(Emp!$C:$C,INT((ROW()-2)/6)+2) | D13: =INDEX(Emp!$D:$D,INT((ROW()-2)/6)+2) | E13: =INDEX(Emp!$1:$1,1,5+MOD(ROW()-2,6)) | F13: =INDEX(Lookup!$B:$B,MATCH($E13,Lookup!$A:$A,0)) | G13: =INDEX(Lookup!$C:$C,MATCH($E13,Lookup!$A:$A,0)) | H13: =INDEX(Emp!$E:$J,INT((ROW()-2)/6)+2,MOD(ROW()-2,6)+1)
... A19: =INDEX(Emp!$A:$A,INT((ROW()-2)/6)+2) | B19: =INDEX(Emp!$B:$B,INT((ROW()-2)/6)+2) | C19: =INDEX(Emp!$C:$C,INT((ROW()-2)/6)+2) | D19: =INDEX(Emp!$D:$D,INT((ROW()-2)/6)+2) | E19: =INDEX(Emp!$1:$1,1,5+MOD(ROW()-2,6)) | F19: =INDEX(Lookup!$B:$B,MATCH($E19,Lookup!$A:$A,0)) | G19: =INDEX(Lookup!$C:$C,MATCH($E19,Lookup!$A:$A,0)) | H19: =INDEX(Emp!$E:$J,INT((ROW()-2)/6)+2,MOD(ROW()-2,6)+1)
