Workbook

Sheet Raw Data
A1: 12 | B1: 0.025396825 | C1: 19 | D1: 0.015873016 | E1: 18 | F1: 0.022222222
A2: 41 | B2: 0.019047619 | C2: 52 | D2: 0.015873016 | E2: 48 | F2: 0.020634921
A3: 22 | B3: 0.022222222 | C3: 30 | D3: 0.020634921 | E3: 49 | F3: 0.015873016
A4: 8 | B4: 0.017460317 | C4: 42 | D4: 0.017460317 | E4: 40 | F4: 0.017460317
A5: 7 | B5: 0.025396825 | C5: 10 | D5: 0.020634921 | E5: 17 | F5: 0.023809524
A6: 50 | B6: 0.019047619 | C6: 23 | D6: 0.019047619 | E6: 21 | F6: 0.014285714
A7: 38 | B7: 0.025396825 | C7: 37 | D7: 0.022222222 | E7: 46 | F7: 0.023809524
A8: 20 | B8: 0.020634921 | C8: 36 | D8: 0.019047619 | E8: 4 | F8: 0.020634921
A9: 6 | B9: 0.020634921 | C9: 2 | D9: 0.014285714 | E9: 35 | F9: 0.019047619
A10: 39 | B10: 0.020634921 | C10: 11 | D10: 0.025396825 | E10: 44 | F10: 0.023809524
A11: 43 | B11: 0.015873016 | C11: 1 | D11: 0.020634921 | E11: 47 | F11: 0.017460317
A12: 45 | B12: 0.023809524 | C12: 5 | D12: 0.015873016 | E12: 33 | F12: 0.012698413
... A17: 31 | B17: 0.020634921 | C17: 28 | D17: 0.019047619 | E17: 24 | F17: 0.014285714
A18: 34 | B18: 0.019047619

Sheet Numbers
A1: =IF((ROW()-1)*6+COLUMN()<=18,INDEX('Raw Data'!$A$1:$A$18,(ROW()-1)*6+COLUMN()),IF((ROW()-1)*6+COLUMN()<=35,INDEX('Raw Data'!$C$1:$C$17,(ROW()-1)*6+COLUMN()-18),INDEX('Raw Data'!$E$1:$E$17,(ROW()-1)*6+COLUMN()-35))) | B1: =IF((ROW()-1)*6+COLUMN()<=18,INDEX('Raw Data'!$A$1:$A$18,(ROW()-1)*6+COLUMN()),IF((ROW()-1)*6+COLUMN()<=35,INDEX('Raw Data'!$C$1:$C$17,(ROW()-1)*6+COLUMN()-18),INDEX('Raw Data'!$E$1:$E$17,(ROW()-1)*6+COLUMN()-35))) | C1: =IF((ROW()-1)*6+COLUMN()<=18,INDEX('Raw Data'!$A$1:$A$18,(ROW()-1)*6+COLUMN()),IF((ROW()-1)*6+COLUMN()<=35,INDEX('Raw Data'!$C$1:$C$17,(ROW()-1)*6+COLUMN()-18),INDEX('Raw Data'!$E$1:$E$17,(ROW()-1)*6+COLUMN()-35))) | D1: =IF((ROW()-1)*6+COLUMN()<=18,INDEX('Raw Data'!$A$1:$A$18,(ROW()-1)*6+COLUMN()),IF((ROW()-1)*6+COLUMN()<=35,INDEX('Raw Data'!$C$1:$C$17,(ROW()-1)*6+COLUMN()-18),INDEX('Raw Data'!$E$1:$E$17,(ROW()-1)*6+COLUMN()-35))) | E1: =IF((ROW()-1)*6+COLUMN()<=18,INDEX('Raw Data'!$A$1:$A$18,(ROW()-1)*6+COLUMN()),IF((ROW()-1)*6+COLUMN()<=35,INDEX('Raw Data'!$C$1:$C$17,(ROW()-1)*6+COLUMN()-18),INDEX('Raw Data'!$E$1:$E$17,(ROW()-1)*6+COLUMN()-35))) | F1: =IF((ROW()-1)*6+COLUMN()<=18,INDEX('Raw Data'!$A$1:$A$18,(ROW()-1)*6+COLUMN()),IF((ROW()-1)*6+COLUMN()<=35,INDEX('Raw Data'!$C$1:$C$17,(ROW()-1)*6+COLUMN()-18),INDEX('Raw Data'!$E$1:$E$17,(ROW()-1)*6+COLUMN()-35)))
A2: =IF((ROW()-1)*6+COLUMN()<=18,INDEX('Raw Data'!$A$1:$A$18,(ROW()-1)*6+COLUMN()),IF((ROW()-1)*6+COLUMN()<=35,INDEX('Raw Data'!$C$1:$C$17,(ROW()-1)*6+COLUMN()-18),INDEX('Raw Data'!$E$1:$E$17,(ROW()-1)*6+COLUMN()-35))) | B2: =IF((ROW()-1)*6+COLUMN()<=18,INDEX('Raw Data'!$A$1:$A$18,(ROW()-1)*6+COLUMN()),IF((ROW()-1)*6+COLUMN()<=35,INDEX('Raw Data'!$C$1:$C$17,(ROW()-1)*6+COLUMN()-18),INDEX('Raw Data'!$E$1:$E$17,(ROW()-1)*6+COLUMN()-35))) | C2: =IF((ROW()-1)*6+COLUMN()<=18,INDEX('Raw Data'!$A$1:$A$18,(ROW()-1)*6+COLUMN()),IF((ROW()-1)*6+COLUMN()<=35,INDEX('Raw Data'!$C$1:$C$17,(ROW()-1)*6+COLUMN()-18),INDEX('Raw Data'!$E$1:$E$17,(ROW()-1)*6+COLUMN()-35))) | D2: =IF((ROW()-1)*6+COLUMN()<=18,INDEX('Raw Data'!$A$1:$A$18,(ROW()-1)*6+COLUMN()),IF((ROW()-1)*6+COLUMN()<=35,INDEX('Raw Data'!$C$1:$C$17,(ROW()-1)*6+COLUMN()-18),INDEX('Raw Data'!$E$1:$E$17,(ROW()-1)*6+COLUMN()-35))) | E2: =IF((ROW()-1)*6+COLUMN()<=18,INDEX('Raw Data'!$A$1:$A$18,(ROW()-1)*6+COLUMN()),IF((ROW()-1)*6+COLUMN()<=35,INDEX('Raw Data'!$C$1:$C$17,(ROW()-1)*6+COLUMN()-18),INDEX('Raw Data'!$E$1:$E$17,(ROW()-1)*6+COLUMN()-35))) | F2: =IF((ROW()-1)*6+COLUMN()<=18,INDEX('Raw Data'!$A$1:$A$18,(ROW()-1)*6+COLUMN()),IF((ROW()-1)*6+COLUMN()<=35,INDEX('Raw Data'!$C$1:$C$17,(ROW()-1)*6+COLUMN()-18),INDEX('Raw Data'!$E$1:$E$17,(ROW()-1)*6+COLUMN()-35)))
A3: =IF((ROW()-1)*6+COLUMN()<=18,INDEX('Raw Data'!$A$1:$A$18,(ROW()-1)*6+COLUMN()),IF((ROW()-1)*6+COLUMN()<=35,INDEX('Raw Data'!$C$1:$C$17,(ROW()-1)*6+COLUMN()-18),INDEX('Raw Data'!$E$1:$E$17,(ROW()-1)*6+COLUMN()-35))) | B3: =IF((ROW()-1)*6+COLUMN()<=18,INDEX('Raw Data'!$A$1:$A$18,(ROW()-1)*6+COLUMN()),IF((ROW()-1)*6+COLUMN()<=35,INDEX('Raw Data'!$C$1:$C$17,(ROW()-1)*6+COLUMN()-18),INDEX('Raw Data'!$E$1:$E$17,(ROW()-1)*6+COLUMN()-35))) | C3: =IF((ROW()-1)*6+COLUMN()<=18,INDEX('Raw Data'!$A$1:$A$18,(ROW()-1)*6+COLUMN()),IF((ROW()-1)*6+COLUMN()<=35,INDEX('Raw Data'!$C$1:$C$17,(ROW()-1)*6+COLUMN()-18),INDEX('Raw Data'!$E$1:$E$17,(ROW()-1)*6+COLUMN()-35))) | D3: =IF((ROW()-1)*6+COLUMN()<=18,INDEX('Raw Data'!$A$1:$A$18,(ROW()-1)*6+COLUMN()),IF((ROW()-1)*6+COLUMN()<=35,INDEX('Raw Data'!$C$1:$C$17,(ROW()-1)*6+COLUMN()-18),INDEX('Raw Data'!$E$1:$E$17,(ROW()-1)*6+COLUMN()-35))) | E3: =IF((ROW()-1)*6+COLUMN()<=18,INDEX('Raw Data'!$A$1:$A$18,(ROW()-1)*6+COLUMN()),IF((ROW()-1)*6+COLUMN()<=35,INDEX('Raw Data'!$C$1:$C$17,(ROW()-1)*6+COLUMN()-18),INDEX('Raw Data'!$E$1:$E$17,(ROW()-1)*6+COLUMN()-35))) | F3: =IF((ROW()-1)*6+COLUMN()<=18,INDEX('Raw Data'!$A$1:$A$18,(ROW()-1)*6+COLUMN()),IF((ROW()-1)*6+COLUMN()<=35,INDEX('Raw Data'!$C$1:$C$17,(ROW()-1)*6+COLUMN()-18),INDEX('Raw Data'!$E$1:$E$17,(ROW()-1)*6+COLUMN()-35)))
A4: =IF((ROW()-1)*6+COLUMN()<=18,INDEX('Raw Data'!$A$1:$A$18,(ROW()-1)*6+COLUMN()),IF((ROW()-1)*6+COLUMN()<=35,INDEX('Raw Data'!$C$1:$C$17,(ROW()-1)*6+COLUMN()-18),INDEX('Raw Data'!$E$1:$E$17,(ROW()-1)*6+COLUMN()-35))) | B4: =IF((ROW()-1)*6+COLUMN()<=18,INDEX('Raw Data'!$A$1:$A$18,(ROW()-1)*6+COLUMN()),IF((ROW()-1)*6+COLUMN()<=35,INDEX('Raw Data'!$C$1:$C$17,(ROW()-1)*6+COLUMN()-18),INDEX('Raw Data'!$E$1:$E$17,(ROW()-1)*6+COLUMN()-35))) | C4: =IF((ROW()-1)*6+COLUMN()<=18,INDEX('Raw Data'!$A$1:$A$18,(ROW()-1)*6+COLUMN()),IF((ROW()-1)*6+COLUMN()<=35,INDEX('Raw Data'!$C$1:$C$17,(ROW()-1)*6+COLUMN()-18),INDEX('Raw Data'!$E$1:$E$17,(ROW()-1)*6+COLUMN()-35))) | D4: =IF((ROW()-1)*6+COLUMN()<=18,INDEX('Raw Data'!$A$1:$A$18,(ROW()-1)*6+COLUMN()),IF((ROW()-1)*6+COLUMN()<=35,INDEX('Raw Data'!$C$1:$C$17,(ROW()-1)*6+COLUMN()-18),INDEX('Raw Data'!$E$1:$E$17,(ROW()-1)*6+COLUMN()-35))) | E4: =IF((ROW()-1)*6+COLUMN()<=18,INDEX('Raw Data'!$A$1:$A$18,(ROW()-1)*6+COLUMN()),IF((ROW()-1)*6+COLUMN()<=35,INDEX('Raw Data'!$C$1:$C$17,(ROW()-1)*6+COLUMN()-18),INDEX('Raw Data'!$E$1:$E$17,(ROW()-1)*6+COLUMN()-35))) | F4: =IF((ROW()-1)*6+COLUMN()<=18,INDEX('Raw Data'!$A$1:$A$18,(ROW()-1)*6+COLUMN()),IF((ROW()-1)*6+COLUMN()<=35,INDEX('Raw Data'!$C$1:$C$17,(ROW()-1)*6+COLUMN()-18),INDEX('Raw Data'!$E$1:$E$17,(ROW()-1)*6+COLUMN()-35)))
A5: =IF((ROW()-1)*6+COLUMN()<=18,INDEX('Raw Data'!$A$1:$A$18,(ROW()-1)*6+COLUMN()),IF((ROW()-1)*6+COLUMN()<=35,INDEX('Raw Data'!$C$1:$C$17,(ROW()-1)*6+COLUMN()-18),INDEX('Raw Data'!$E$1:$E$17,(ROW()-1)*6+COLUMN()-35))) | B5: =IF((ROW()-1)*6+COLUMN()<=18,INDEX('Raw Data'!$A$1:$A$18,(ROW()-1)*6+COLUMN()),IF((ROW()-1)*6+COLUMN()<=35,INDEX('Raw Data'!$C$1:$C$17,(ROW()-1)*6+COLUMN()-18),INDEX('Raw Data'!$E$1:$E$17,(ROW()-1)*6+COLUMN()-35))) | C5: =IF((ROW()-1)*6+COLUMN()<=18,INDEX('Raw Data'!$A$1:$A$18,(ROW()-1)*6+COLUMN()),IF((ROW()-1)*6+COLUMN()<=35,INDEX('Raw Data'!$C$1:$C$17,(ROW()-1)*6+COLUMN()-18),INDEX('Raw Data'!$E$1:$E$17,(ROW()-1)*6+COLUMN()-35))) | D5: =IF((ROW()-1)*6+COLUMN()<=18,INDEX('Raw Data'!$A$1:$A$18,(ROW()-1)*6+COLUMN()),IF((ROW()-1)*6+COLUMN()<=35,INDEX('Raw Data'!$C$1:$C$17,(ROW()-1)*6+COLUMN()-18),INDEX('Raw Data'!$E$1:$E$17,(ROW()-1)*6+COLUMN()-35))) | E5: =IF((ROW()-1)*6+COLUMN()<=18,INDEX('Raw Data'!$A$1:$A$18,(ROW()-1)*6+COLUMN()),IF((ROW()-1)*6+COLUMN()<=35,INDEX('Raw Data'!$C$1:$C$17,(ROW()-1)*6+COLUMN()-18),INDEX('Raw Data'!$E$1:$E$17,(ROW()-1)*6+COLUMN()-35))) | F5: =IF((ROW()-1)*6+COLUMN()<=18,INDEX('Raw Data'!$A$1:$A$18,(ROW()-1)*6+COLUMN()),IF((ROW()-1)*6+COLUMN()<=35,INDEX('Raw Data'!$C$1:$C$17,(ROW()-1)*6+COLUMN()-18),INDEX('Raw Data'!$E$1:$E$17,(ROW()-1)*6+COLUMN()-35)))
A6: =IF((ROW()-1)*6+COLUMN()<=18,INDEX('Raw Data'!$A$1:$A$18,(ROW()-1)*6+COLUMN()),IF((ROW()-1)*6+COLUMN()<=35,INDEX('Raw Data'!$C$1:$C$17,(ROW()-1)*6+COLUMN()-18),INDEX('Raw Data'!$E$1:$E$17,(ROW()-1)*6+COLUMN()-35))) | B6: =IF((ROW()-1)*6+COLUMN()<=18,INDEX('Raw Data'!$A$1:$A$18,(ROW()-1)*6+COLUMN()),IF((ROW()-1)*6+COLUMN()<=35,INDEX('Raw Data'!$C$1:$C$17,(ROW()-1)*6+COLUMN()-18),INDEX('Raw Data'!$E$1:$E$17,(ROW()-1)*6+COLUMN()-35))) | C6: =IF((ROW()-1)*6+COLUMN()<=18,INDEX('Raw Data'!$A$1:$A$18,(ROW()-1)*6+COLUMN()),IF((ROW()-1)*6+COLUMN()<=35,INDEX('Raw Data'!$C$1:$C$17,(ROW()-1)*6+COLUMN()-18),INDEX('Raw Data'!$E$1:$E$17,(ROW()-1)*6+COLUMN()-35))) | D6: =IF((ROW()-1)*6+COLUMN()<=18,INDEX('Raw Data'!$A$1:$A$18,(ROW()-1)*6+COLUMN()),IF((ROW()-1)*6+COLUMN()<=35,INDEX('Raw Data'!$C$1:$C$17,(ROW()-1)*6+COLUMN()-18),INDEX('Raw Data'!$E$1:$E$17,(ROW()-1)*6+COLUMN()-35))) | E6: =IF((ROW()-1)*6+COLUMN()<=18,INDEX('Raw Data'!$A$1:$A$18,(ROW()-1)*6+COLUMN()),IF((ROW()-1)*6+COLUMN()<=35,INDEX('Raw Data'!$C$1:$C$17,(ROW()-1)*6+COLUMN()-18),INDEX('Raw Data'!$E$1:$E$17,(ROW()-1)*6+COLUMN()-35))) | F6: =IF((ROW()-1)*6+COLUMN()<=18,INDEX('Raw Data'!$A$1:$A$18,(ROW()-1)*6+COLUMN()),IF((ROW()-1)*6+COLUMN()<=35,INDEX('Raw Data'!$C$1:$C$17,(ROW()-1)*6+COLUMN()-18),INDEX('Raw Data'!$E$1:$E$17,(ROW()-1)*6+COLUMN()-35)))
A7: =IF((ROW()-1)*6+COLUMN()<=18,INDEX('Raw Data'!$A$1:$A$18,(ROW()-1)*6+COLUMN()),IF((ROW()-1)*6+COLUMN()<=35,INDEX('Raw Data'!$C$1:$C$17,(ROW()-1)*6+COLUMN()-18),INDEX('Raw Data'!$E$1:$E$17,(ROW()-1)*6+COLUMN()-35))) | B7: =IF((ROW()-1)*6+COLUMN()<=18,INDEX('Raw Data'!$A$1:$A$18,(ROW()-1)*6+COLUMN()),IF((ROW()-1)*6+COLUMN()<=35,INDEX('Raw Data'!$C$1:$C$17,(ROW()-1)*6+COLUMN()-18),INDEX('Raw Data'!$E$1:$E$17,(ROW()-1)*6+COLUMN()-35))) | C7: =IF((ROW()-1)*6+COLUMN()<=18,INDEX('Raw Data'!$A$1:$A$18,(ROW()-1)*6+COLUMN()),IF((ROW()-1)*6+COLUMN()<=35,INDEX('Raw Data'!$C$1:$C$17,(ROW()-1)*6+COLUMN()-18),INDEX('Raw Data'!$E$1:$E$17,(ROW()-1)*6+COLUMN()-35))) | D7: =IF((ROW()-1)*6+COLUMN()<=18,INDEX('Raw Data'!$A$1:$A$18,(ROW()-1)*6+COLUMN()),IF((ROW()-1)*6+COLUMN()<=35,INDEX('Raw Data'!$C$1:$C$17,(ROW()-1)*6+COLUMN()-18),INDEX('Raw Data'!$E$1:$E$17,(ROW()-1)*6+COLUMN()-35))) | E7: =IF((ROW()-1)*6+COLUMN()<=18,INDEX('Raw Data'!$A$1:$A$18,(ROW()-1)*6+COLUMN()),IF((ROW()-1)*6+COLUMN()<=35,INDEX('Raw Data'!$C$1:$C$17,(ROW()-1)*6+COLUMN()-18),INDEX('Raw Data'!$E$1:$E$17,(ROW()-1)*6+COLUMN()-35))) | F7: =IF((ROW()-1)*6+COLUMN()<=18,INDEX('Raw Data'!$A$1:$A$18,(ROW()-1)*6+COLUMN()),IF((ROW()-1)*6+COLUMN()<=35,INDEX('Raw Data'!$C$1:$C$17,(ROW()-1)*6+COLUMN()-18),INDEX('Raw Data'!$E$1:$E$17,(ROW()-1)*6+COLUMN()-35)))
A8: =IF((ROW()-1)*6+COLUMN()<=18,INDEX('Raw Data'!$A$1:$A$18,(ROW()-1)*6+COLUMN()),IF((ROW()-1)*6+COLUMN()<=35,INDEX('Raw Data'!$C$1:$C$17,(ROW()-1)*6+COLUMN()-18),INDEX('Raw Data'!$E$1:$E$17,(ROW()-1)*6+COLUMN()-35))) | B8: =IF((ROW()-1)*6+COLUMN()<=18,INDEX('Raw Data'!$A$1:$A$18,(ROW()-1)*6+COLUMN()),IF((ROW()-1)*6+COLUMN()<=35,INDEX('Raw Data'!$C$1:$C$17,(ROW()-1)*6+COLUMN()-18),INDEX('Raw Data'!$E$1:$E$17,(ROW()-1)*6+COLUMN()-35))) | C8: =IF((ROW()-1)*6+COLUMN()<=18,INDEX('Raw Data'!$A$1:$A$18,(ROW()-1)*6+COLUMN()),IF((ROW()-1)*6+COLUMN()<=35,INDEX('Raw Data'!$C$1:$C$17,(ROW()-1)*6+COLUMN()-18),INDEX('Raw Data'!$E$1:$E$17,(ROW()-1)*6+COLUMN()-35))) | D8: =IF((ROW()-1)*6+COLUMN()<=18,INDEX('Raw Data'!$A$1:$A$18,(ROW()-1)*6+COLUMN()),IF((ROW()-1)*6+COLUMN()<=35,INDEX('Raw Data'!$C$1:$C$17,(ROW()-1)*6+COLUMN()-18),INDEX('Raw Data'!$E$1:$E$17,(ROW()-1)*6+COLUMN()-35))) | E8: =IF((ROW()-1)*6+COLUMN()<=18,INDEX('Raw Data'!$A$1:$A$18,(ROW()-1)*6+COLUMN()),IF((ROW()-1)*6+COLUMN()<=35,INDEX('Raw Data'!$C$1:$C$17,(ROW()-1)*6+COLUMN()-18),INDEX('Raw Data'!$E$1:$E$17,(ROW()-1)*6+COLUMN()-35))) | F8: =IF((ROW()-1)*6+COLUMN()<=18,INDEX('Raw Data'!$A$1:$A$18,(ROW()-1)*6+COLUMN()),IF((ROW()-1)*6+COLUMN()<=35,INDEX('Raw Data'!$C$1:$C$17,(ROW()-1)*6+COLUMN()-18),INDEX('Raw Data'!$E$1:$E$17,(ROW()-1)*6+COLUMN()-35)))
A9: =IF((ROW()-1)*6+COLUMN()<=18,INDEX('Raw Data'!$A$1:$A$18,(ROW()-1)*6+COLUMN()),IF((ROW()-1)*6+COLUMN()<=35,INDEX('Raw Data'!$C$1:$C$17,(ROW()-1)*6+COLUMN()-18),INDEX('Raw Data'!$E$1:$E$17,(ROW()-1)*6+COLUMN()-35))) | B9: =IF((ROW()-1)*6+COLUMN()<=18,INDEX('Raw Data'!$A$1:$A$18,(ROW()-1)*6+COLUMN()),IF((ROW()-1)*6+COLUMN()<=35,INDEX('Raw Data'!$C$1:$C$17,(ROW()-1)*6+COLUMN()-18),INDEX('Raw Data'!$E$1:$E$17,(ROW()-1)*6+COLUMN()-35))) | C9: =IF((ROW()-1)*6+COLUMN()<=18,INDEX('Raw Data'!$A$1:$A$18,(ROW()-1)*6+COLUMN()),IF((ROW()-1)*6+COLUMN()<=35,INDEX('Raw Data'!$C$1:$C$17,(ROW()-1)*6+COLUMN()-18),INDEX('Raw Data'!$E$1:$E$17,(ROW()-1)*6+COLUMN()-35))) | D9: =IF((ROW()-1)*6+COLUMN()<=18,INDEX('Raw Data'!$A$1:$A$18,(ROW()-1)*6+COLUMN()),IF((ROW()-1)*6+COLUMN()<=35,INDEX('Raw Data'!$C$1:$C$17,(ROW()-1)*6+COLUMN()-18),INDEX('Raw Data'!$E$1:$E$17,(ROW()-1)*6+COLUMN()-35)))

Sheet Manual Result
A1: 12 | B1: 41 | C1: 22 | D1: 8 | E1: 7 | F1: 50
A2: 38 | B2: 20 | C2: 6 | D2: 39 | E2: 43 | F2: 45
A3: 26 | B3: 25 | C3: 32 | D3: 13 | E3: 31 | F3: 34 | AU3: 34 | AV3: 34
A4: 19 | B4: 52 | C4: 30 | D4: 42 | E4: 10 | F4: 23 | AU4: 10 | AV4: 10 | AW4: 23 | AX4: 23 | AY4: 23 | AZ4: 23 | BA4: 23 | BB4: 23
A5: 37 | B5: 36 | C5: 2 | D5: 11 | E5: 1 | F5: 5 | AU5: 11 | AV5: 11 | AW5: 1 | AX5: 1 | AY5: 1 | AZ5: 1 | BA5: 1 | BB5: 1 | BC5: 5 | BD5: 5 | BE5: 5 | BF5: 5 | BG5: 5 | BH5: 5
A6: 29 | B6: 3 | C6: 9 | D6: 15 | E6: 28 | F6: 18 | AU6: 9 | AV6: 9 | AW6: 15 | AX6: 15 | AY6: 15 | AZ6: 15 | BA6: 15 | BB6: 15 | BC6: 28 | BD6: 28 | BE6: 28 | BF6: 28 | BG6: 28 | BH6: 28 | BI6: 18 | BJ6: 18 | BK6: 18 | BL6: 18 | BM6: 18 | BN6: 18
A7: 48 | B7: 49 | C7: 40 | D7: 17 | E7: 21 | F7: 46 | AU7: 49 | AV7: 49 | AW7: 40 | AX7: 40 | AY7: 40 | AZ7: 40 | BA7: 40 | BB7: 40 | BC7: 17 | BD7: 17 | BE7: 17 | BF7: 17 | BG7: 17 | BH7: 17 | BI7: 21 | BJ7: 21 | BK7: 21 | BL7: 21 | BM7: 21 | BN7: 21 | BO7: 46 | BP7: 46 | BQ7: 46 | BR7: 46 | BS7: 46 | BT7: 46
A8: 4 | B8: 35 | C8: 44 | D8: 47 | E8: 33 | F8: 51 | AU8: 4 | AV8: 4 | AW8: 35 | AX8: 35 | AY8: 35 | AZ8: 35 | BA8: 35 | BB8: 35 | BC8: 44 | BD8: 44 | BE8: 44 | BF8: 44 | BG8: 44 | BH8: 44 | BI8: 47 | BJ8: 47 | BK8: 47 | BL8: 47 | BM8: 47 | BN8: 47 | BO8: 33 | BP8: 33 | BQ8: 33 | BR8: 33 | BS8: 33 | BT8: 33 | BU8: 51 | BV8: 51 | BW8: 51 | BX8: 51 | BY8: 51 | BZ8: 51
A9: 27 | B9: 14 | C9: 16 | D9: 24 | AW9: 27 | AX9: 27 | AY9: 27 | AZ9: 27 | BA9: 27 | BB9: 27 | BC9: 14 | BD9: 14 | BE9: 14 | BF9: 14 | BG9: 14 | BH9: 14 | BI9: 16 | BJ9: 16 | BK9: 16 | BL9: 16 | BM9: 16 | BN9: 16 | BO9: 24 | BP9: 24 | BQ9: 24 | BR9: 24 | BS9: 24 | BT9: 24
