Workbook

Sheet Sheet1
A1: =IFERROR(INDEX(Sheet-1!$C$2:$C$18,AGGREGATE(15,6,(ROW(Sheet-1!$A$2:$A$18)-ROW(Sheet-1!$A$2)+1)/((Sheet-1!$B$2:$B$18="TELIVISION")+(Sheet-1!$C$2:$C$18="CLASS III")+(Sheet-1!$C$2:$C$18="CLASS IV")),ROW()-2)),"") | B1: SL | C1: ITEM
A2: CLASS | B2: =IFERROR(INDEX(Sheet1!$A$2:$A$18,AGGREGATE(15,6,(ROW(Sheet1!$A$2:$A$18)-ROW(Sheet1!$A$2)+1)/((Sheet1!$B$2:$B$18="TELIVISION")+(Sheet1!$C$2:$C$18="CLASS III")+(Sheet1!$C$2:$C$18="CLASS IV")),ROW()-2)),"") | C2: =IFERROR(INDEX(Sheet1!$B$2:$B$18,AGGREGATE(15,6,(ROW(Sheet1!$A$2:$A$18)-ROW(Sheet1!$A$2)+1)/((Sheet1!$B$2:$B$18="TELIVISION")+(Sheet1!$C$2:$C$18="CLASS III")+(Sheet1!$C$2:$C$18="CLASS IV")),ROW()-2)),"")
A3: =IFERROR(INDEX(Sheet1!$C$2:$C$18,AGGREGATE(15,6,(ROW(Sheet1!$A$2:$A$18)-ROW(Sheet1!$A$2)+1)/((Sheet1!$B$2:$B$18="TELIVISION")+(Sheet1!$C$2:$C$18="CLASS III")+(Sheet1!$C$2:$C$18="CLASS IV")),ROW()-2)),"") | B3: =IFERROR(INDEX(Sheet2!$A$2:$A$18,AGGREGATE(15,6,(ROW(Sheet2!$A$2:$A$18)-ROW(Sheet2!$A$2)+1)/((Sheet2!$B$2:$B$18="TELIVISION")+(Sheet2!$C$2:$C$18="CLASS III")+(Sheet2!$C$2:$C$18="CLASS IV")),ROW()-2)),"") | C3: =IFERROR(INDEX(Sheet2!$B$2:$B$18,AGGREGATE(15,6,(ROW(Sheet2!$A$2:$A$18)-ROW(Sheet2!$A$2)+1)/((Sheet2!$B$2:$B$18="TELIVISION")+(Sheet2!$C$2:$C$18="CLASS III")+(Sheet2!$C$2:$C$18="CLASS IV")),ROW()-2)),"")
A4: =IFERROR(INDEX(Sheet2!$C$2:$C$18,AGGREGATE(15,6,(ROW(Sheet2!$A$2:$A$18)-ROW(Sheet2!$A$2)+1)/((Sheet2!$B$2:$B$18="TELIVISION")+(Sheet2!$C$2:$C$18="CLASS III")+(Sheet2!$C$2:$C$18="CLASS IV")),ROW()-2)),"") | B4: =IFERROR(INDEX(Sheet3!$A$2:$A$18,AGGREGATE(15,6,(ROW(Sheet3!$A$2:$A$18)-ROW(Sheet3!$A$2)+1)/((Sheet3!$B$2:$B$18="TELIVISION")+(Sheet3!$C$2:$C$18="CLASS III")+(Sheet3!$C$2:$C$18="CLASS IV")),ROW()-2)),"") | C4: =IFERROR(INDEX(Sheet3!$B$2:$B$18,AGGREGATE(15,6,(ROW(Sheet3!$A$2:$A$18)-ROW(Sheet3!$A$2)+1)/((Sheet3!$B$2:$B$18="TELIVISION")+(Sheet3!$C$2:$C$18="CLASS III")+(Sheet3!$C$2:$C$18="CLASS IV")),ROW()-2)),"")
A5: =IFERROR(INDEX(Sheet3!$C$2:$C$18,AGGREGATE(15,6,(ROW(Sheet3!$A$2:$A$18)-ROW(Sheet3!$A$2)+1)/((Sheet3!$B$2:$B$18="TELIVISION")+(Sheet3!$C$2:$C$18="CLASS III")+(Sheet3!$C$2:$C$18="CLASS IV")),ROW()-2)),"") | B5: =IFERROR(INDEX(Sheet4!$A$2:$A$18,AGGREGATE(15,6,(ROW(Sheet4!$A$2:$A$18)-ROW(Sheet4!$A$2)+1)/((Sheet4!$B$2:$B$18="TELIVISION")+(Sheet4!$C$2:$C$18="CLASS III")+(Sheet4!$C$2:$C$18="CLASS IV")),ROW()-2)),"") | C5: =IFERROR(INDEX(Sheet4!$B$2:$B$18,AGGREGATE(15,6,(ROW(Sheet4!$A$2:$A$18)-ROW(Sheet4!$A$2)+1)/((Sheet4!$B$2:$B$18="TELIVISION")+(Sheet4!$C$2:$C$18="CLASS III")+(Sheet4!$C$2:$C$18="CLASS IV")),ROW()-2)),"")
A6: =IFERROR(INDEX(Sheet4!$C$2:$C$18,AGGREGATE(15,6,(ROW(Sheet4!$A$2:$A$18)-ROW(Sheet4!$A$2)+1)/((Sheet4!$B$2:$B$18="TELIVISION")+(Sheet4!$C$2:$C$18="CLASS III")+(Sheet4!$C$2:$C$18="CLASS IV")),ROW()-2)),"") | B6: =IFERROR(INDEX(Sheet5!$A$2:$A$18,AGGREGATE(15,6,(ROW(Sheet5!$A$2:$A$18)-ROW(Sheet5!$A$2)+1)/((Sheet5!$B$2:$B$18="TELIVISION")+(Sheet5!$C$2:$C$18="CLASS III")+(Sheet5!$C$2:$C$18="CLASS IV")),ROW()-2)),"") | C6: =IFERROR(INDEX(Sheet5!$B$2:$B$18,AGGREGATE(15,6,(ROW(Sheet5!$A$2:$A$18)-ROW(Sheet5!$A$2)+1)/((Sheet5!$B$2:$B$18="TELIVISION")+(Sheet5!$C$2:$C$18="CLASS III")+(Sheet5!$C$2:$C$18="CLASS IV")),ROW()-2)),"")
A7: =IFERROR(INDEX(Sheet5!$C$2:$C$18,AGGREGATE(15,6,(ROW(Sheet5!$A$2:$A$18)-ROW(Sheet5!$A$2)+1)/((Sheet5!$B$2:$B$18="TELIVISION")+(Sheet5!$C$2:$C$18="CLASS III")+(Sheet5!$C$2:$C$18="CLASS IV")),ROW()-2)),"") | B7: =IFERROR(INDEX(Sheet6!$A$2:$A$18,AGGREGATE(15,6,(ROW(Sheet6!$A$2:$A$18)-ROW(Sheet6!$A$2)+1)/((Sheet6!$B$2:$B$18="TELIVISION")+(Sheet6!$C$2:$C$18="CLASS III")+(Sheet6!$C$2:$C$18="CLASS IV")),ROW()-2)),"") | C7: =IFERROR(INDEX(Sheet6!$B$2:$B$18,AGGREGATE(15,6,(ROW(Sheet6!$A$2:$A$18)-ROW(Sheet6!$A$2)+1)/((Sheet6!$B$2:$B$18="TELIVISION")+(Sheet6!$C$2:$C$18="CLASS III")+(Sheet6!$C$2:$C$18="CLASS IV")),ROW()-2)),"")
A8: =IFERROR(INDEX(Sheet6!$C$2:$C$18,AGGREGATE(15,6,(ROW(Sheet6!$A$2:$A$18)-ROW(Sheet6!$A$2)+1)/((Sheet6!$B$2:$B$18="TELIVISION")+(Sheet6!$C$2:$C$18="CLASS III")+(Sheet6!$C$2:$C$18="CLASS IV")),ROW()-2)),"") | B8: =IFERROR(INDEX(Sheet7!$A$2:$A$18,AGGREGATE(15,6,(ROW(Sheet7!$A$2:$A$18)-ROW(Sheet7!$A$2)+1)/((Sheet7!$B$2:$B$18="TELIVISION")+(Sheet7!$C$2:$C$18="CLASS III")+(Sheet7!$C$2:$C$18="CLASS IV")),ROW()-2)),"") | C8: =IFERROR(INDEX(Sheet7!$B$2:$B$18,AGGREGATE(15,6,(ROW(Sheet7!$A$2:$A$18)-ROW(Sheet7!$A$2)+1)/((Sheet7!$B$2:$B$18="TELIVISION")+(Sheet7!$C$2:$C$18="CLASS III")+(Sheet7!$C$2:$C$18="CLASS IV")),ROW()-2)),"")
A9: =IFERROR(INDEX(Sheet7!$C$2:$C$18,AGGREGATE(15,6,(ROW(Sheet7!$A$2:$A$18)-ROW(Sheet7!$A$2)+1)/((Sheet7!$B$2:$B$18="TELIVISION")+(Sheet7!$C$2:$C$18="CLASS III")+(Sheet7!$C$2:$C$18="CLASS IV")),ROW()-2)),"") | B9: =IFERROR(INDEX(Sheet8!$A$2:$A$18,AGGREGATE(15,6,(ROW(Sheet8!$A$2:$A$18)-ROW(Sheet8!$A$2)+1)/((Sheet8!$B$2:$B$18="TELIVISION")+(Sheet8!$C$2:$C$18="CLASS III")+(Sheet8!$C$2:$C$18="CLASS IV")),ROW()-2)),"") | C9: =IFERROR(INDEX(Sheet8!$B$2:$B$18,AGGREGATE(15,6,(ROW(Sheet8!$A$2:$A$18)-ROW(Sheet8!$A$2)+1)/((Sheet8!$B$2:$B$18="TELIVISION")+(Sheet8!$C$2:$C$18="CLASS III")+(Sheet8!$C$2:$C$18="CLASS IV")),ROW()-2)),"")
A10: =IFERROR(INDEX(Sheet8!$C$2:$C$18,AGGREGATE(15,6,(ROW(Sheet8!$A$2:$A$18)-ROW(Sheet8!$A$2)+1)/((Sheet8!$B$2:$B$18="TELIVISION")+(Sheet8!$C$2:$C$18="CLASS III")+(Sheet8!$C$2:$C$18="CLASS IV")),ROW()-2)),"") | B10: =IFERROR(INDEX(Sheet9!$A$2:$A$18,AGGREGATE(15,6,(ROW(Sheet9!$A$2:$A$18)-ROW(Sheet9!$A$2)+1)/((Sheet9!$B$2:$B$18="TELIVISION")+(Sheet9!$C$2:$C$18="CLASS III")+(Sheet9!$C$2:$C$18="CLASS IV")),ROW()-2)),"") | C10: =IFERROR(INDEX(Sheet9!$B$2:$B$18,AGGREGATE(15,6,(ROW(Sheet9!$A$2:$A$18)-ROW(Sheet9!$A$2)+1)/((Sheet9!$B$2:$B$18="TELIVISION")+(Sheet9!$C$2:$C$18="CLASS III")+(Sheet9!$C$2:$C$18="CLASS IV")),ROW()-2)),"")
A11: =IFERROR(INDEX(Sheet9!$C$2:$C$18,AGGREGATE(15,6,(ROW(Sheet9!$A$2:$A$18)-ROW(Sheet9!$A$2)+1)/((Sheet9!$B$2:$B$18="TELIVISION")+(Sheet9!$C$2:$C$18="CLASS III")+(Sheet9!$C$2:$C$18="CLASS IV")),ROW()-2)),"") | B11: =IFERROR(INDEX(Sheet10!$A$2:$A$18,AGGREGATE(15,6,(ROW(Sheet10!$A$2:$A$18)-ROW(Sheet10!$A$2)+1)/((Sheet10!$B$2:$B$18="TELIVISION")+(Sheet10!$C$2:$C$18="CLASS III")+(Sheet10!$C$2:$C$18="CLASS IV")),ROW()-2)),"") | C11: =IFERROR(INDEX(Sheet10!$B$2:$B$18,AGGREGATE(15,6,(ROW(Sheet10!$A$2:$A$18)-ROW(Sheet10!$A$2)+1)/((Sheet10!$B$2:$B$18="TELIVISION")+(Sheet10!$C$2:$C$18="CLASS III")+(Sheet10!$C$2:$C$18="CLASS IV")),ROW()-2)),"")
A12: =IFERROR(INDEX(Sheet10!$C$2:$C$18,AGGREGATE(15,6,(ROW(Sheet10!$A$2:$A$18)-ROW(Sheet10!$A$2)+1)/((Sheet10!$B$2:$B$18="TELIVISION")+(Sheet10!$C$2:$C$18="CLASS III")+(Sheet10!$C$2:$C$18="CLASS IV")),ROW()-2)),"") | B12: =IFERROR(INDEX(Sheet11!$A$2:$A$18,AGGREGATE(15,6,(ROW(Sheet11!$A$2:$A$18)-ROW(Sheet11!$A$2)+1)/((Sheet11!$B$2:$B$18="TELIVISION")+(Sheet11!$C$2:$C$18="CLASS III")+(Sheet11!$C$2:$C$18="CLASS IV")),ROW()-2)),"") | C12: =IFERROR(INDEX(Sheet11!$B$2:$B$18,AGGREGATE(15,6,(ROW(Sheet11!$A$2:$A$18)-ROW(Sheet11!$A$2)+1)/((Sheet11!$B$2:$B$18="TELIVISION")+(Sheet11!$C$2:$C$18="CLASS III")+(Sheet11!$C$2:$C$18="CLASS IV")),ROW()-2)),"")
A13: =IFERROR(INDEX(Sheet11!$C$2:$C$18,AGGREGATE(15,6,(ROW(Sheet11!$A$2:$A$18)-ROW(Sheet11!$A$2)+1)/((Sheet11!$B$2:$B$18="TELIVISION")+(Sheet11!$C$2:$C$18="CLASS III")+(Sheet11!$C$2:$C$18="CLASS IV")),ROW()-2)),"") | B13: =IFERROR(INDEX(Sheet12!$A$2:$A$18,AGGREGATE(15,6,(ROW(Sheet12!$A$2:$A$18)-ROW(Sheet12!$A$2)+1)/((Sheet12!$B$2:$B$18="TELIVISION")+(Sheet12!$C$2:$C$18="CLASS III")+(Sheet12!$C$2:$C$18="CLASS IV")),ROW()-2)),"") | C13: =IFERROR(INDEX(Sheet12!$B$2:$B$18,AGGREGATE(15,6,(ROW(Sheet12!$A$2:$A$18)-ROW(Sheet12!$A$2)+1)/((Sheet12!$B$2:$B$18="TELIVISION")+(Sheet12!$C$2:$C$18="CLASS III")+(Sheet12!$C$2:$C$18="CLASS IV")),ROW()-2)),"")
A14: =IFERROR(INDEX(Sheet12!$C$2:$C$18,AGGREGATE(15,6,(ROW(Sheet12!$A$2:$A$18)-ROW(Sheet12!$A$2)+1)/((Sheet12!$B$2:$B$18="TELIVISION")+(Sheet12!$C$2:$C$18="CLASS III")+(Sheet12!$C$2:$C$18="CLASS IV")),ROW()-2)),"") | B14: =IFERROR(INDEX(Sheet13!$A$2:$A$18,AGGREGATE(15,6,(ROW(Sheet13!$A$2:$A$18)-ROW(Sheet13!$A$2)+1)/((Sheet13!$B$2:$B$18="TELIVISION")+(Sheet13!$C$2:$C$18="CLASS III")+(Sheet13!$C$2:$C$18="CLASS IV")),ROW()-2)),"") | C14: =IFERROR(INDEX(Sheet13!$B$2:$B$18,AGGREGATE(15,6,(ROW(Sheet13!$A$2:$A$18)-ROW(Sheet13!$A$2)+1)/((Sheet13!$B$2:$B$18="TELIVISION")+(Sheet13!$C$2:$C$18="CLASS III")+(Sheet13!$C$2:$C$18="CLASS IV")),ROW()-2)),"")
A15: =IFERROR(INDEX(Sheet13!$C$2:$C$18,AGGREGATE(15,6,(ROW(Sheet13!$A$2:$A$18)-ROW(Sheet13!$A$2)+1)/((Sheet13!$B$2:$B$18="TELIVISION")+(Sheet13!$C$2:$C$18="CLASS III")+(Sheet13!$C$2:$C$18="CLASS IV")),ROW()-2)),"") | B15: =IFERROR(INDEX(Sheet14!$A$2:$A$18,AGGREGATE(15,6,(ROW(Sheet14!$A$2:$A$18)-ROW(Sheet14!$A$2)+1)/((Sheet14!$B$2:$B$18="TELIVISION")+(Sheet14!$C$2:$C$18="CLASS III")+(Sheet14!$C$2:$C$18="CLASS IV")),ROW()-2)),"") | C15: =IFERROR(INDEX(Sheet14!$B$2:$B$18,AGGREGATE(15,6,(ROW(Sheet14!$A$2:$A$18)-ROW(Sheet14!$A$2)+1)/((Sheet14!$B$2:$B$18="TELIVISION")+(Sheet14!$C$2:$C$18="CLASS III")+(Sheet14!$C$2:$C$18="CLASS IV")),ROW()-2)),"")
A16: =IFERROR(INDEX(Sheet14!$C$2:$C$18,AGGREGATE(15,6,(ROW(Sheet14!$A$2:$A$18)-ROW(Sheet14!$A$2)+1)/((Sheet14!$B$2:$B$18="TELIVISION")+(Sheet14!$C$2:$C$18="CLASS III")+(Sheet14!$C$2:$C$18="CLASS IV")),ROW()-2)),"") | B16: =IFERROR(INDEX(Sheet15!$A$2:$A$18,AGGREGATE(15,6,(ROW(Sheet15!$A$2:$A$18)-ROW(Sheet15!$A$2)+1)/((Sheet15!$B$2:$B$18="TELIVISION")+(Sheet15!$C$2:$C$18="CLASS III")+(Sheet15!$C$2:$C$18="CLASS IV")),ROW()-2)),"") | C16: =IFERROR(INDEX(Sheet15!$B$2:$B$18,AGGREGATE(15,6,(ROW(Sheet15!$A$2:$A$18)-ROW(Sheet15!$A$2)+1)/((Sheet15!$B$2:$B$18="TELIVISION")+(Sheet15!$C$2:$C$18="CLASS III")+(Sheet15!$C$2:$C$18="CLASS IV")),ROW()-2)),"")
A17: =IFERROR(INDEX(Sheet15!$C$2:$C$18,AGGREGATE(15,6,(ROW(Sheet15!$A$2:$A$18)-ROW(Sheet15!$A$2)+1)/((Sheet15!$B$2:$B$18="TELIVISION")+(Sheet15!$C$2:$C$18="CLASS III")+(Sheet15!$C$2:$C$18="CLASS IV")),ROW()-2)),"") | B17: =IFERROR(INDEX(Sheet16!$A$2:$A$18,AGGREGATE(15,6,(ROW(Sheet16!$A$2:$A$18)-ROW(Sheet16!$A$2)+1)/((Sheet16!$B$2:$B$18="TELIVISION")+(Sheet16!$C$2:$C$18="CLASS III")+(Sheet16!$C$2:$C$18="CLASS IV")),ROW()-2)),"") | C17: =IFERROR(INDEX(Sheet16!$B$2:$B$18,AGGREGATE(15,6,(ROW(Sheet16!$A$2:$A$18)-ROW(Sheet16!$A$2)+1)/((Sheet16!$B$2:$B$18="TELIVISION")+(Sheet16!$C$2:$C$18="CLASS III")+(Sheet16!$C$2:$C$18="CLASS IV")),ROW()-2)),"")
A18: =IFERROR(INDEX(Sheet16!$C$2:$C$18,AGGREGATE(15,6,(ROW(Sheet16!$A$2:$A$18)-ROW(Sheet16!$A$2)+1)/((Sheet16!$B$2:$B$18="TELIVISION")+(Sheet16!$C$2:$C$18="CLASS III")+(Sheet16!$C$2:$C$18="CLASS IV")),ROW()-2)),"") | B18: =IFERROR(INDEX(Sheet17!$A$2:$A$18,AGGREGATE(15,6,(ROW(Sheet17!$A$2:$A$18)-ROW(Sheet17!$A$2)+1)/((Sheet17!$B$2:$B$18="TELIVISION")+(Sheet17!$C$2:$C$18="CLASS III")+(Sheet17!$C$2:$C$18="CLASS IV")),ROW()-2)),"") | C18: =IFERROR(INDEX(Sheet17!$B$2:$B$18,AGGREGATE(15,6,(ROW(Sheet17!$A$2:$A$18)-ROW(Sheet17!$A$2)+1)/((Sheet17!$B$2:$B$18="TELIVISION")+(Sheet17!$C$2:$C$18="CLASS III")+(Sheet17!$C$2:$C$18="CLASS IV")),ROW()-2)),"")
