Workbook

Sheet Sheet1
A1: =IF(ROW()+(Src!$E$2-Src!$E$1)*(ROW()>=Src!$E$1)>26,"",IF(INDEX(Src!$A$1:$A$26,ROW()+(Src!$E$2-Src!$E$1)*(ROW()>=Src!$E$1))=0,"",INDEX(Src!$A$1:$A$26,ROW()+(Src!$E$2-Src!$E$1)*(ROW()>=Src!$E$1)))) | B1: =IF(ROW()+(Src!$E$2-Src!$E$1)*(ROW()>=Src!$E$1)>26,"",IF(INDEX(Src!$B$1:$B$26,ROW()+(Src!$E$2-Src!$E$1)*(ROW()>=Src!$E$1))=0,"",INDEX(Src!$B$1:$B$26,ROW()+(Src!$E$2-Src!$E$1)*(ROW()>=Src!$E$1)))) | C1: =IF(ROW()+(Src!$E$2-Src!$E$1)*(ROW()>=Src!$E$1)>26,"",IF(INDEX(Src!$C$1:$C$26,ROW()+(Src!$E$2-Src!$E$1)*(ROW()>=Src!$E$1))=0,"",INDEX(Src!$C$1:$C$26,ROW()+(Src!$E$2-Src!$E$1)*(ROW()>=Src!$E$1))))
A2: =IF(ROW()+(Src!$E$2-Src!$E$1)*(ROW()>=Src!$E$1)>26,"",IF(INDEX(Src!$A$1:$A$26,ROW()+(Src!$E$2-Src!$E$1)*(ROW()>=Src!$E$1))=0,"",INDEX(Src!$A$1:$A$26,ROW()+(Src!$E$2-Src!$E$1)*(ROW()>=Src!$E$1)))) | B2: =IF(ROW()+(Src!$E$2-Src!$E$1)*(ROW()>=Src!$E$1)>26,"",IF(INDEX(Src!$B$1:$B$26,ROW()+(Src!$E$2-Src!$E$1)*(ROW()>=Src!$E$1))=0,"",INDEX(Src!$B$1:$B$26,ROW()+(Src!$E$2-Src!$E$1)*(ROW()>=Src!$E$1)))) | C2: =IF(ROW()+(Src!$E$2-Src!$E$1)*(ROW()>=Src!$E$1)>26,"",IF(INDEX(Src!$C$1:$C$26,ROW()+(Src!$E$2-Src!$E$1)*(ROW()>=Src!$E$1))=0,"",INDEX(Src!$C$1:$C$26,ROW()+(Src!$E$2-Src!$E$1)*(ROW()>=Src!$E$1))))
A3: =IF(ROW()+(Src!$E$2-Src!$E$1)*(ROW()>=Src!$E$1)>26,"",IF(INDEX(Src!$A$1:$A$26,ROW()+(Src!$E$2-Src!$E$1)*(ROW()>=Src!$E$1))=0,"",INDEX(Src!$A$1:$A$26,ROW()+(Src!$E$2-Src!$E$1)*(ROW()>=Src!$E$1)))) | B3: =IF(ROW()+(Src!$E$2-Src!$E$1)*(ROW()>=Src!$E$1)>26,"",IF(INDEX(Src!$B$1:$B$26,ROW()+(Src!$E$2-Src!$E$1)*(ROW()>=Src!$E$1))=0,"",INDEX(Src!$B$1:$B$26,ROW()+(Src!$E$2-Src!$E$1)*(ROW()>=Src!$E$1)))) | C3: =IF(ROW()+(Src!$E$2-Src!$E$1)*(ROW()>=Src!$E$1)>26,"",IF(INDEX(Src!$C$1:$C$26,ROW()+(Src!$E$2-Src!$E$1)*(ROW()>=Src!$E$1))=0,"",INDEX(Src!$C$1:$C$26,ROW()+(Src!$E$2-Src!$E$1)*(ROW()>=Src!$E$1))))
A4: =IF(ROW()+(Src!$E$2-Src!$E$1)*(ROW()>=Src!$E$1)>26,"",IF(INDEX(Src!$A$1:$A$26,ROW()+(Src!$E$2-Src!$E$1)*(ROW()>=Src!$E$1))=0,"",INDEX(Src!$A$1:$A$26,ROW()+(Src!$E$2-Src!$E$1)*(ROW()>=Src!$E$1)))) | B4: =IF(ROW()+(Src!$E$2-Src!$E$1)*(ROW()>=Src!$E$1)>26,"",IF(INDEX(Src!$B$1:$B$26,ROW()+(Src!$E$2-Src!$E$1)*(ROW()>=Src!$E$1))=0,"",INDEX(Src!$B$1:$B$26,ROW()+(Src!$E$2-Src!$E$1)*(ROW()>=Src!$E$1)))) | C4: =IF(ROW()+(Src!$E$2-Src!$E$1)*(ROW()>=Src!$E$1)>26,"",IF(INDEX(Src!$C$1:$C$26,ROW()+(Src!$E$2-Src!$E$1)*(ROW()>=Src!$E$1))=0,"",INDEX(Src!$C$1:$C$26,ROW()+(Src!$E$2-Src!$E$1)*(ROW()>=Src!$E$1))))
A5: =IF(ROW()+(Src!$E$2-Src!$E$1)*(ROW()>=Src!$E$1)>26,"",IF(INDEX(Src!$A$1:$A$26,ROW()+(Src!$E$2-Src!$E$1)*(ROW()>=Src!$E$1))=0,"",INDEX(Src!$A$1:$A$26,ROW()+(Src!$E$2-Src!$E$1)*(ROW()>=Src!$E$1)))) | B5: =IF(ROW()+(Src!$E$2-Src!$E$1)*(ROW()>=Src!$E$1)>26,"",IF(INDEX(Src!$B$1:$B$26,ROW()+(Src!$E$2-Src!$E$1)*(ROW()>=Src!$E$1))=0,"",INDEX(Src!$B$1:$B$26,ROW()+(Src!$E$2-Src!$E$1)*(ROW()>=Src!$E$1)))) | C5: =IF(ROW()+(Src!$E$2-Src!$E$1)*(ROW()>=Src!$E$1)>26,"",IF(INDEX(Src!$C$1:$C$26,ROW()+(Src!$E$2-Src!$E$1)*(ROW()>=Src!$E$1))=0,"",INDEX(Src!$C$1:$C$26,ROW()+(Src!$E$2-Src!$E$1)*(ROW()>=Src!$E$1))))
A6: =IF(ROW()+(Src!$E$2-Src!$E$1)*(ROW()>=Src!$E$1)>26,"",IF(INDEX(Src!$A$1:$A$26,ROW()+(Src!$E$2-Src!$E$1)*(ROW()>=Src!$E$1))=0,"",INDEX(Src!$A$1:$A$26,ROW()+(Src!$E$2-Src!$E$1)*(ROW()>=Src!$E$1)))) | B6: =IF(ROW()+(Src!$E$2-Src!$E$1)*(ROW()>=Src!$E$1)>26,"",IF(INDEX(Src!$B$1:$B$26,ROW()+(Src!$E$2-Src!$E$1)*(ROW()>=Src!$E$1))=0,"",INDEX(Src!$B$1:$B$26,ROW()+(Src!$E$2-Src!$E$1)*(ROW()>=Src!$E$1)))) | C6: =IF(ROW()+(Src!$E$2-Src!$E$1)*(ROW()>=Src!$E$1)>26,"",IF(INDEX(Src!$C$1:$C$26,ROW()+(Src!$E$2-Src!$E$1)*(ROW()>=Src!$E$1))=0,"",INDEX(Src!$C$1:$C$26,ROW()+(Src!$E$2-Src!$E$1)*(ROW()>=Src!$E$1)))) | E6: Remove these rows
A7: =IF(ROW()+(Src!$E$2-Src!$E$1)*(ROW()>=Src!$E$1)>26,"",IF(INDEX(Src!$A$1:$A$26,ROW()+(Src!$E$2-Src!$E$1)*(ROW()>=Src!$E$1))=0,"",INDEX(Src!$A$1:$A$26,ROW()+(Src!$E$2-Src!$E$1)*(ROW()>=Src!$E$1)))) | B7: =IF(ROW()+(Src!$E$2-Src!$E$1)*(ROW()>=Src!$E$1)>26,"",IF(INDEX(Src!$B$1:$B$26,ROW()+(Src!$E$2-Src!$E$1)*(ROW()>=Src!$E$1))=0,"",INDEX(Src!$B$1:$B$26,ROW()+(Src!$E$2-Src!$E$1)*(ROW()>=Src!$E$1)))) | C7: =IF(ROW()+(Src!$E$2-Src!$E$1)*(ROW()>=Src!$E$1)>26,"",IF(INDEX(Src!$C$1:$C$26,ROW()+(Src!$E$2-Src!$E$1)*(ROW()>=Src!$E$1))=0,"",INDEX(Src!$C$1:$C$26,ROW()+(Src!$E$2-Src!$E$1)*(ROW()>=Src!$E$1))))
A8: =IF(ROW()+(Src!$E$2-Src!$E$1)*(ROW()>=Src!$E$1)>26,"",IF(INDEX(Src!$A$1:$A$26,ROW()+(Src!$E$2-Src!$E$1)*(ROW()>=Src!$E$1))=0,"",INDEX(Src!$A$1:$A$26,ROW()+(Src!$E$2-Src!$E$1)*(ROW()>=Src!$E$1)))) | B8: =IF(ROW()+(Src!$E$2-Src!$E$1)*(ROW()>=Src!$E$1)>26,"",IF(INDEX(Src!$B$1:$B$26,ROW()+(Src!$E$2-Src!$E$1)*(ROW()>=Src!$E$1))=0,"",INDEX(Src!$B$1:$B$26,ROW()+(Src!$E$2-Src!$E$1)*(ROW()>=Src!$E$1)))) | C8: =IF(ROW()+(Src!$E$2-Src!$E$1)*(ROW()>=Src!$E$1)>26,"",IF(INDEX(Src!$C$1:$C$26,ROW()+(Src!$E$2-Src!$E$1)*(ROW()>=Src!$E$1))=0,"",INDEX(Src!$C$1:$C$26,ROW()+(Src!$E$2-Src!$E$1)*(ROW()>=Src!$E$1))))
A9: =IF(ROW()+(Src!$E$2-Src!$E$1)*(ROW()>=Src!$E$1)>26,"",IF(INDEX(Src!$A$1:$A$26,ROW()+(Src!$E$2-Src!$E$1)*(ROW()>=Src!$E$1))=0,"",INDEX(Src!$A$1:$A$26,ROW()+(Src!$E$2-Src!$E$1)*(ROW()>=Src!$E$1)))) | B9: =IF(ROW()+(Src!$E$2-Src!$E$1)*(ROW()>=Src!$E$1)>26,"",IF(INDEX(Src!$B$1:$B$26,ROW()+(Src!$E$2-Src!$E$1)*(ROW()>=Src!$E$1))=0,"",INDEX(Src!$B$1:$B$26,ROW()+(Src!$E$2-Src!$E$1)*(ROW()>=Src!$E$1)))) | C9: =IF(ROW()+(Src!$E$2-Src!$E$1)*(ROW()>=Src!$E$1)>26,"",IF(INDEX(Src!$C$1:$C$26,ROW()+(Src!$E$2-Src!$E$1)*(ROW()>=Src!$E$1))=0,"",INDEX(Src!$C$1:$C$26,ROW()+(Src!$E$2-Src!$E$1)*(ROW()>=Src!$E$1))))
A10: =IF(ROW()+(Src!$E$2-Src!$E$1)*(ROW()>=Src!$E$1)>26,"",IF(INDEX(Src!$A$1:$A$26,ROW()+(Src!$E$2-Src!$E$1)*(ROW()>=Src!$E$1))=0,"",INDEX(Src!$A$1:$A$26,ROW()+(Src!$E$2-Src!$E$1)*(ROW()>=Src!$E$1)))) | B10: =IF(ROW()+(Src!$E$2-Src!$E$1)*(ROW()>=Src!$E$1)>26,"",IF(INDEX(Src!$B$1:$B$26,ROW()+(Src!$E$2-Src!$E$1)*(ROW()>=Src!$E$1))=0,"",INDEX(Src!$B$1:$B$26,ROW()+(Src!$E$2-Src!$E$1)*(ROW()>=Src!$E$1)))) | C10: =IF(ROW()+(Src!$E$2-Src!$E$1)*(ROW()>=Src!$E$1)>26,"",IF(INDEX(Src!$C$1:$C$26,ROW()+(Src!$E$2-Src!$E$1)*(ROW()>=Src!$E$1))=0,"",INDEX(Src!$C$1:$C$26,ROW()+(Src!$E$2-Src!$E$1)*(ROW()>=Src!$E$1))))
A11: =IF(ROW()+(Src!$E$2-Src!$E$1)*(ROW()>=Src!$E$1)>26,"",IF(INDEX(Src!$A$1:$A$26,ROW()+(Src!$E$2-Src!$E$1)*(ROW()>=Src!$E$1))=0,"",INDEX(Src!$A$1:$A$26,ROW()+(Src!$E$2-Src!$E$1)*(ROW()>=Src!$E$1)))) | B11: =IF(ROW()+(Src!$E$2-Src!$E$1)*(ROW()>=Src!$E$1)>26,"",IF(INDEX(Src!$B$1:$B$26,ROW()+(Src!$E$2-Src!$E$1)*(ROW()>=Src!$E$1))=0,"",INDEX(Src!$B$1:$B$26,ROW()+(Src!$E$2-Src!$E$1)*(ROW()>=Src!$E$1)))) | C11: =IF(ROW()+(Src!$E$2-Src!$E$1)*(ROW()>=Src!$E$1)>26,"",IF(INDEX(Src!$C$1:$C$26,ROW()+(Src!$E$2-Src!$E$1)*(ROW()>=Src!$E$1))=0,"",INDEX(Src!$C$1:$C$26,ROW()+(Src!$E$2-Src!$E$1)*(ROW()>=Src!$E$1))))
A12: =IF(ROW()+(Src!$E$2-Src!$E$1)*(ROW()>=Src!$E$1)>26,"",IF(INDEX(Src!$A$1:$A$26,ROW()+(Src!$E$2-Src!$E$1)*(ROW()>=Src!$E$1))=0,"",INDEX(Src!$A$1:$A$26,ROW()+(Src!$E$2-Src!$E$1)*(ROW()>=Src!$E$1)))) | B12: =IF(ROW()+(Src!$E$2-Src!$E$1)*(ROW()>=Src!$E$1)>26,"",IF(INDEX(Src!$B$1:$B$26,ROW()+(Src!$E$2-Src!$E$1)*(ROW()>=Src!$E$1))=0,"",INDEX(Src!$B$1:$B$26,ROW()+(Src!$E$2-Src!$E$1)*(ROW()>=Src!$E$1)))) | C12: =IF(ROW()+(Src!$E$2-Src!$E$1)*(ROW()>=Src!$E$1)>26,"",IF(INDEX(Src!$C$1:$C$26,ROW()+(Src!$E$2-Src!$E$1)*(ROW()>=Src!$E$1))=0,"",INDEX(Src!$C$1:$C$26,ROW()+(Src!$E$2-Src!$E$1)*(ROW()>=Src!$E$1))))
A13: =IF(ROW()+(Src!$E$2-Src!$E$1)*(ROW()>=Src!$E$1)>26,"",IF(INDEX(Src!$A$1:$A$26,ROW()+(Src!$E$2-Src!$E$1)*(ROW()>=Src!$E$1))=0,"",INDEX(Src!$A$1:$A$26,ROW()+(Src!$E$2-Src!$E$1)*(ROW()>=Src!$E$1)))) | B13: =IF(ROW()+(Src!$E$2-Src!$E$1)*(ROW()>=Src!$E$1)>26,"",IF(INDEX(Src!$B$1:$B$26,ROW()+(Src!$E$2-Src!$E$1)*(ROW()>=Src!$E$1))=0,"",INDEX(Src!$B$1:$B$26,ROW()+(Src!$E$2-Src!$E$1)*(ROW()>=Src!$E$1)))) | C13: =IF(ROW()+(Src!$E$2-Src!$E$1)*(ROW()>=Src!$E$1)>26,"",IF(INDEX(Src!$C$1:$C$26,ROW()+(Src!$E$2-Src!$E$1)*(ROW()>=Src!$E$1))=0,"",INDEX(Src!$C$1:$C$26,ROW()+(Src!$E$2-Src!$E$1)*(ROW()>=Src!$E$1))))
A14: =IF(ROW()+(Src!$E$2-Src!$E$1)*(ROW()>=Src!$E$1)>26,"",IF(INDEX(Src!$A$1:$A$26,ROW()+(Src!$E$2-Src!$E$1)*(ROW()>=Src!$E$1))=0,"",INDEX(Src!$A$1:$A$26,ROW()+(Src!$E$2-Src!$E$1)*(ROW()>=Src!$E$1)))) | B14: =IF(ROW()+(Src!$E$2-Src!$E$1)*(ROW()>=Src!$E$1)>26,"",IF(INDEX(Src!$B$1:$B$26,ROW()+(Src!$E$2-Src!$E$1)*(ROW()>=Src!$E$1))=0,"",INDEX(Src!$B$1:$B$26,ROW()+(Src!$E$2-Src!$E$1)*(ROW()>=Src!$E$1)))) | C14: =IF(ROW()+(Src!$E$2-Src!$E$1)*(ROW()>=Src!$E$1)>26,"",IF(INDEX(Src!$C$1:$C$26,ROW()+(Src!$E$2-Src!$E$1)*(ROW()>=Src!$E$1))=0,"",INDEX(Src!$C$1:$C$26,ROW()+(Src!$E$2-Src!$E$1)*(ROW()>=Src!$E$1))))
A15: =IF(ROW()+(Src!$E$2-Src!$E$1)*(ROW()>=Src!$E$1)>26,"",IF(INDEX(Src!$A$1:$A$26,ROW()+(Src!$E$2-Src!$E$1)*(ROW()>=Src!$E$1))=0,"",INDEX(Src!$A$1:$A$26,ROW()+(Src!$E$2-Src!$E$1)*(ROW()>=Src!$E$1)))) | B15: =IF(ROW()+(Src!$E$2-Src!$E$1)*(ROW()>=Src!$E$1)>26,"",IF(INDEX(Src!$B$1:$B$26,ROW()+(Src!$E$2-Src!$E$1)*(ROW()>=Src!$E$1))=0,"",INDEX(Src!$B$1:$B$26,ROW()+(Src!$E$2-Src!$E$1)*(ROW()>=Src!$E$1)))) | C15: =IF(ROW()+(Src!$E$2-Src!$E$1)*(ROW()>=Src!$E$1)>26,"",IF(INDEX(Src!$C$1:$C$26,ROW()+(Src!$E$2-Src!$E$1)*(ROW()>=Src!$E$1))=0,"",INDEX(Src!$C$1:$C$26,ROW()+(Src!$E$2-Src!$E$1)*(ROW()>=Src!$E$1))))
A16: =IF(ROW()+(Src!$E$2-Src!$E$1)*(ROW()>=Src!$E$1)>26,"",IF(INDEX(Src!$A$1:$A$26,ROW()+(Src!$E$2-Src!$E$1)*(ROW()>=Src!$E$1))=0,"",INDEX(Src!$A$1:$A$26,ROW()+(Src!$E$2-Src!$E$1)*(ROW()>=Src!$E$1)))) | B16: =IF(ROW()+(Src!$E$2-Src!$E$1)*(ROW()>=Src!$E$1)>26,"",IF(INDEX(Src!$B$1:$B$26,ROW()+(Src!$E$2-Src!$E$1)*(ROW()>=Src!$E$1))=0,"",INDEX(Src!$B$1:$B$26,ROW()+(Src!$E$2-Src!$E$1)*(ROW()>=Src!$E$1)))) | C16: =IF(ROW()+(Src!$E$2-Src!$E$1)*(ROW()>=Src!$E$1)>26,"",IF(INDEX(Src!$C$1:$C$26,ROW()+(Src!$E$2-Src!$E$1)*(ROW()>=Src!$E$1))=0,"",INDEX(Src!$C$1:$C$26,ROW()+(Src!$E$2-Src!$E$1)*(ROW()>=Src!$E$1))))
A17: =IF(ROW()+(Src!$E$2-Src!$E$1)*(ROW()>=Src!$E$1)>26,"",IF(INDEX(Src!$A$1:$A$26,ROW()+(Src!$E$2-Src!$E$1)*(ROW()>=Src!$E$1))=0,"",INDEX(Src!$A$1:$A$26,ROW()+(Src!$E$2-Src!$E$1)*(ROW()>=Src!$E$1)))) | B17: =IF(ROW()+(Src!$E$2-Src!$E$1)*(ROW()>=Src!$E$1)>26,"",IF(INDEX(Src!$B$1:$B$26,ROW()+(Src!$E$2-Src!$E$1)*(ROW()>=Src!$E$1))=0,"",INDEX(Src!$B$1:$B$26,ROW()+(Src!$E$2-Src!$E$1)*(ROW()>=Src!$E$1)))) | C17: =IF(ROW()+(Src!$E$2-Src!$E$1)*(ROW()>=Src!$E$1)>26,"",IF(INDEX(Src!$C$1:$C$26,ROW()+(Src!$E$2-Src!$E$1)*(ROW()>=Src!$E$1))=0,"",INDEX(Src!$C$1:$C$26,ROW()+(Src!$E$2-Src!$E$1)*(ROW()>=Src!$E$1))))
A18: =IF(ROW()+(Src!$E$2-Src!$E$1)*(ROW()>=Src!$E$1)>26,"",IF(INDEX(Src!$A$1:$A$26,ROW()+(Src!$E$2-Src!$E$1)*(ROW()>=Src!$E$1))=0,"",INDEX(Src!$A$1:$A$26,ROW()+(Src!$E$2-Src!$E$1)*(ROW()>=Src!$E$1)))) | B18: =IF(ROW()+(Src!$E$2-Src!$E$1)*(ROW()>=Src!$E$1)>26,"",IF(INDEX(Src!$B$1:$B$26,ROW()+(Src!$E$2-Src!$E$1)*(ROW()>=Src!$E$1))=0,"",INDEX(Src!$B$1:$B$26,ROW()+(Src!$E$2-Src!$E$1)*(ROW()>=Src!$E$1)))) | C18: =IF(ROW()+(Src!$E$2-Src!$E$1)*(ROW()>=Src!$E$1)>26,"",IF(INDEX(Src!$C$1:$C$26,ROW()+(Src!$E$2-Src!$E$1)*(ROW()>=Src!$E$1))=0,"",INDEX(Src!$C$1:$C$26,ROW()+(Src!$E$2-Src!$E$1)*(ROW()>=Src!$E$1))))
... A26: =IF(ROW()+(Src!$E$2-Src!$E$1)*(ROW()>=Src!$E$1)>26,"",IF(INDEX(Src!$A$1:$A$26,ROW()+(Src!$E$2-Src!$E$1)*(ROW()>=Src!$E$1))=0,"",INDEX(Src!$A$1:$A$26,ROW()+(Src!$E$2-Src!$E$1)*(ROW()>=Src!$E$1)))) | B26: =IF(ROW()+(Src!$E$2-Src!$E$1)*(ROW()>=Src!$E$1)>26,"",IF(INDEX(Src!$B$1:$B$26,ROW()+(Src!$E$2-Src!$E$1)*(ROW()>=Src!$E$1))=0,"",INDEX(Src!$B$1:$B$26,ROW()+(Src!$E$2-Src!$E$1)*(ROW()>=Src!$E$1)))) | C26: =IF(ROW()+(Src!$E$2-Src!$E$1)*(ROW()>=Src!$E$1)>26,"",IF(INDEX(Src!$C$1:$C$26,ROW()+(Src!$E$2-Src!$E$1)*(ROW()>=Src!$E$1))=0,"",INDEX(Src!$C$1:$C$26,ROW()+(Src!$E$2-Src!$E$1)*(ROW()>=Src!$E$1))))

Sheet Src
A1: 400-12345-W | B1: A-123 | C1: A-235 | E1: 6
B2: A-235 | C2: A-235 | E2: 18
C3: A-235
C4: A-235
C5: A-235
A6: 400-12345-A | B6: F-23544 | C6: F-23544
C7: F-23544
B8: F-235 | C8: F-235
C9: F-235
C10: F-235
C11: F-235
C12: F-235
C13: F-235
C14: F-235
B15: P-2255 | C15: P-2255
C16: P-2255
C17: P-2255
A18: 400-12345-D | B18: X-5556 | C18: X-5556
C19: X-5556
C20: X-5556
C21: X-5556
C22: X-5556
C23: X-5556
A24: 400-12345-F | B24: N-897 | C24: N-897
C25: N-897
C26: N-897
