Workbook

Sheet Emp
A1: seqno | B1: Empno | C1: ename | D1: Jobid | E1: Comp1 | F1: 2_comp | G1: dept1 | H1: avg sal | I1: hike | J1: performance
A2: 1 | B2: 1001 | C2: ravi | D2: 12 | E2: 2 | F2: 4 | G2: 3 | H2: 1 | I2: 2 | J2: 1
A3: 2 | B3: 2001 | C3: hari | D3: 21 | E3: 5 | F3: 5 | G3: 5 | H3: 5 | I3: 5 | J3: 2
A4: 3 | B4: 2008 | C4: gopal | D4: 16 | E4: 3 | F4: 2 | G4: 1 | H4: 1 | I4: 1 | J4: 4

Sheet Lookup
A1: Variable | B1: Category | C1: Subcategory
A2: Comp1 | B2: Survey | C2: Country
A3: 2_comp | B3: Survey | C3: CONTINENT
A4: dept1 | B4: Survey | C4: STATE
A5: avg sal | B5: Survey | C5: DISTRICT
A6: hike | B6: Survey | C6: Country
A7: performance | B7: Survey | C7: HEADQTR

Sheet Expected
A1: seqno | B1: Empno | C1: ename | D1: Jobid | E1: Variable | F1: Category | G1: Subcategory | H1: Value
A2: =INDEX('Emp overview'!A:A,INT((ROW()-2)/6)+2) | B2: =INDEX('Emp overview'!B:B,INT((ROW()-2)/6)+2) | C2: =INDEX('Emp overview'!C:C,INT((ROW()-2)/6)+2) | D2: =INDEX('Emp overview'!D:D,INT((ROW()-2)/6)+2) | E2: =INDEX('Lookup overview'!A:A,MOD(ROW()-2,6)+2) | F2: =INDEX('Lookup overview'!B:B,MOD(ROW()-2,6)+2) | G2: =INDEX('Lookup overview'!C:C,MOD(ROW()-2,6)+2) | H2: =INDEX('Emp overview'!E:J,INT((ROW()-2)/6)+2,MATCH(INDEX('Lookup overview'!A:A,MOD(ROW()-2,6)+2),'Emp overview'!E1:J1,0))
A3: =INDEX('Emp overview'!A:A,INT((ROW()-2)/6)+2) | B3: =INDEX('Emp overview'!B:B,INT((ROW()-2)/6)+2) | C3: =INDEX('Emp overview'!C:C,INT((ROW()-2)/6)+2) | D3: =INDEX('Emp overview'!D:D,INT((ROW()-2)/6)+2) | E3: =INDEX('Lookup overview'!A:A,MOD(ROW()-2,6)+2) | F3: =INDEX('Lookup overview'!B:B,MOD(ROW()-2,6)+2) | G3: =INDEX('Lookup overview'!C:C,MOD(ROW()-2,6)+2) | H3: =INDEX('Emp overview'!E:J,INT((ROW()-2)/6)+2,MATCH(INDEX('Lookup overview'!A:A,MOD(ROW()-2,6)+2),'Emp overview'!E2:J2,0))
A4: =INDEX('Emp overview'!A:A,INT((ROW()-2)/6)+2) | B4: =INDEX('Emp overview'!B:B,INT((ROW()-2)/6)+2) | C4: =INDEX('Emp overview'!C:C,INT((ROW()-2)/6)+2) | D4: =INDEX('Emp overview'!D:D,INT((ROW()-2)/6)+2) | E4: =INDEX('Lookup overview'!A:A,MOD(ROW()-2,6)+2) | F4: =INDEX('Lookup overview'!B:B,MOD(ROW()-2,6)+2) | G4: =INDEX('Lookup overview'!C:C,MOD(ROW()-2,6)+2) | H4: =INDEX('Emp overview'!E:J,INT((ROW()-2)/6)+2,MATCH(INDEX('Lookup overview'!A:A,MOD(ROW()-2,6)+2),'Emp overview'!E3:J3,0))
A5: =INDEX('Emp overview'!A:A,INT((ROW()-2)/6)+2) | B5: =INDEX('Emp overview'!B:B,INT((ROW()-2)/6)+2) | C5: =INDEX('Emp overview'!C:C,INT((ROW()-2)/6)+2) | D5: =INDEX('Emp overview'!D:D,INT((ROW()-2)/6)+2) | E5: =INDEX('Lookup overview'!A:A,MOD(ROW()-2,6)+2) | F5: =INDEX('Lookup overview'!B:B,MOD(ROW()-2,6)+2) | G5: =INDEX('Lookup overview'!C:C,MOD(ROW()-2,6)+2) | H5: =INDEX('Emp overview'!E:J,INT((ROW()-2)/6)+2,MATCH(INDEX('Lookup overview'!A:A,MOD(ROW()-2,6)+2),'Emp overview'!E4:J4,0))
A6: =INDEX('Emp overview'!A:A,INT((ROW()-2)/6)+2) | B6: =INDEX('Emp overview'!B:B,INT((ROW()-2)/6)+2) | C6: =INDEX('Emp overview'!C:C,INT((ROW()-2)/6)+2) | D6: =INDEX('Emp overview'!D:D,INT((ROW()-2)/6)+2) | E6: =INDEX('Lookup overview'!A:A,MOD(ROW()-2,6)+2) | F6: =INDEX('Lookup overview'!B:B,MOD(ROW()-2,6)+2) | G6: =INDEX('Lookup overview'!C:C,MOD(ROW()-2,6)+2) | H6: =INDEX('Emp overview'!E:J,INT((ROW()-2)/6)+2,MATCH(INDEX('Lookup overview'!A:A,MOD(ROW()-2,6)+2),'Emp overview'!E5:J5,0))
A7: =INDEX('Emp overview'!A:A,INT((ROW()-2)/6)+2) | B7: =INDEX('Emp overview'!B:B,INT((ROW()-2)/6)+2) | C7: =INDEX('Emp overview'!C:C,INT((ROW()-2)/6)+2) | D7: =INDEX('Emp overview'!D:D,INT((ROW()-2)/6)+2) | E7: =INDEX('Lookup overview'!A:A,MOD(ROW()-2,6)+2) | F7: =INDEX('Lookup overview'!B:B,MOD(ROW()-2,6)+2) | G7: =INDEX('Lookup overview'!C:C,MOD(ROW()-2,6)+2) | H7: =INDEX('Emp overview'!E:J,INT((ROW()-2)/6)+2,MATCH(INDEX('Lookup overview'!A:A,MOD(ROW()-2,6)+2),'Emp overview'!E6:J6,0))
A8: =INDEX('Emp overview'!A:A,INT((ROW()-2)/6)+2) | B8: =INDEX('Emp overview'!B:B,INT((ROW()-2)/6)+2) | C8: =INDEX('Emp overview'!C:C,INT((ROW()-2)/6)+2) | D8: =INDEX('Emp overview'!D:D,INT((ROW()-2)/6)+2) | E8: =INDEX('Lookup overview'!A:A,MOD(ROW()-2,6)+2) | F8: =INDEX('Lookup overview'!B:B,MOD(ROW()-2,6)+2) | G8: =INDEX('Lookup overview'!C:C,MOD(ROW()-2,6)+2) | H8: =INDEX('Emp overview'!E:J,INT((ROW()-2)/6)+2,MATCH(INDEX('Lookup overview'!A:A,MOD(ROW()-2,6)+2),'Emp overview'!E7:J7,0))
A9: =INDEX('Emp overview'!A:A,INT((ROW()-2)/6)+2) | B9: =INDEX('Emp overview'!B:B,INT((ROW()-2)/6)+2) | C9: =INDEX('Emp overview'!C:C,INT((ROW()-2)/6)+2) | D9: =INDEX('Emp overview'!D:D,INT((ROW()-2)/6)+2) | E9: =INDEX('Lookup overview'!A:A,MOD(ROW()-2,6)+2) | F9: =INDEX('Lookup overview'!B:B,MOD(ROW()-2,6)+2) | G9: =INDEX('Lookup overview'!C:C,MOD(ROW()-2,6)+2) | H9: =INDEX('Emp overview'!E:J,INT((ROW()-2)/6)+2,MATCH(INDEX('Lookup overview'!A:A,MOD(ROW()-2,6)+2),'Emp overview'!E8:J8,0))
A10: =INDEX('Emp overview'!A:A,INT((ROW()-2)/6)+2) | B10: =INDEX('Emp overview'!B:B,INT((ROW()-2)/6)+2) | C10: =INDEX('Emp overview'!C:C,INT((ROW()-2)/6)+2) | D10: =INDEX('Emp overview'!D:D,INT((ROW()-2)/6)+2) | E10: =INDEX('Lookup overview'!A:A,MOD(ROW()-2,6)+2) | F10: =INDEX('Lookup overview'!B:B,MOD(ROW()-2,6)+2) | G10: =INDEX('Lookup overview'!C:C,MOD(ROW()-2,6)+2) | H10: =INDEX('Emp overview'!E:J,INT((ROW()-2)/6)+2,MATCH(INDEX('Lookup overview'!A:A,MOD(ROW()-2,6)+2),'Emp overview'!E9:J9,0))
A11: =INDEX('Emp overview'!A:A,INT((ROW()-2)/6)+2) | B11: =INDEX('Emp overview'!B:B,INT((ROW()-2)/6)+2) | C11: =INDEX('Emp overview'!C:C,INT((ROW()-2)/6)+2) | D11: =INDEX('Emp overview'!D:D,INT((ROW()-2)/6)+2) | E11: =INDEX('Lookup overview'!A:A,MOD(ROW()-2,6)+2) | F11: =INDEX('Lookup overview'!B:B,MOD(ROW()-2,6)+2) | G11: =INDEX('Lookup overview'!C:C,MOD(ROW()-2,6)+2) | H11: =INDEX('Emp overview'!E:J,INT((ROW()-2)/6)+2,MATCH(INDEX('Lookup overview'!A:A,MOD(ROW()-2,6)+2),'Emp overview'!E10:J10,0))
A12: =INDEX('Emp overview'!A:A,INT((ROW()-2)/6)+2) | B12: =INDEX('Emp overview'!B:B,INT((ROW()-2)/6)+2) | C12: =INDEX('Emp overview'!C:C,INT((ROW()-2)/6)+2) | D12: =INDEX('Emp overview'!D:D,INT((ROW()-2)/6)+2) | E12: =INDEX('Lookup overview'!A:A,MOD(ROW()-2,6)+2) | F12: =INDEX('Lookup overview'!B:B,MOD(ROW()-2,6)+2) | G12: =INDEX('Lookup overview'!C:C,MOD(ROW()-2,6)+2) | H12: =INDEX('Emp overview'!E:J,INT((ROW()-2)/6)+2,MATCH(INDEX('Lookup overview'!A:A,MOD(ROW()-2,6)+2),'Emp overview'!E11:J11,0))
A13: =INDEX('Emp overview'!A:A,INT((ROW()-2)/6)+2) | B13: =INDEX('Emp overview'!B:B,INT((ROW()-2)/6)+2) | C13: =INDEX('Emp overview'!C:C,INT((ROW()-2)/6)+2) | D13: =INDEX('Emp overview'!D:D,INT((ROW()-2)/6)+2) | E13: =INDEX('Lookup overview'!A:A,MOD(ROW()-2,6)+2) | F13: =INDEX('Lookup overview'!B:B,MOD(ROW()-2,6)+2) | G13: =INDEX('Lookup overview'!C:C,MOD(ROW()-2,6)+2) | H13: =INDEX('Emp overview'!E:J,INT((ROW()-2)/6)+2,MATCH(INDEX('Lookup overview'!A:A,MOD(ROW()-2,6)+2),'Emp overview'!E12:J12,0))
... A19: =INDEX('Emp overview'!A:A,INT((ROW()-2)/6)+2) | B19: =INDEX('Emp overview'!B:B,INT((ROW()-2)/6)+2) | C19: =INDEX('Emp overview'!C:C,INT((ROW()-2)/6)+2) | D19: =INDEX('Emp overview'!D:D,INT((ROW()-2)/6)+2) | E19: =INDEX('Lookup overview'!A:A,MOD(ROW()-2,6)+2) | F19: =INDEX('Lookup overview'!B:B,MOD(ROW()-2,6)+2) | G19: =INDEX('Lookup overview'!C:C,MOD(ROW()-2,6)+2) | H19: =INDEX('Emp overview'!E:J,INT((ROW()-2)/6)+2,MATCH(INDEX('Lookup overview'!A:A,MOD(ROW()-2,6)+2),'Emp overview'!E18:J18,0))
